Name,Address,Phone,Title,Company,ID
Michael Curtis-Miller,"Flat 5, Francis plaza, Stephenmouth, BH6E 2RR",0839531231
Abdul Knight,"6 Lawrence plain, West Samfurt, L2B 1US",0854382291,Ms.
Dr. Richard Webb,"Flat 4, Alexander plaza, Johnstad, JE7 0HF",0852182527
Dr. Damian Leonard,"3 Victoria brooks, South Susantown, NR41 9NZ",+353874096767,Dr.,French LLC
Ian Pearson,"Flat 23W, Clarke passage, Port Bradleyport, LE8X 7GN",0858616119,Mr.
Katy Jones-Hall,"Studio 7, Alice via, Port Kimberleyborough, CW6 6ZP",0839977466
Leonard Jones,"Flat 7, Gillian shoal, Scottborough, M6 6FY",0852496536,Mr.,"Hill, Wilkinson and Tomlinson"
Caroline Butler-Carr,"Studio 49A, Sharon causeway, Francishaven, L8 1JX",0854828374,Dr.
Mrs. Catherine Anderson,"2 Hughes meadows, West Robin, W9C 7UY",0838185041,Mr.
Liam Farmer,"24 Horton forges, West Rita, N3 8BF",+353873597021
Georgina Fry-Morgan,"5 Billy stream, Collinsshire, W39 1HR",0872969169,Ms.,Williams-Gibson,ZZ869212T
Mr. George Bond,"0 George summit, Doddland, W04 6NE",0855304177,Dr.,Robson-Wyatt,ZZ 380592 T
Philip Coates,"0 Douglas cape, Smithville, CO43 8LY",0898986839,Dr.,Singh-Holmes
Elaine Powell-Young,"Flat 40, Day alley, North Lydiashire, S53 8AW",+353879905143
Russell Reed,"Flat 34I, Lucy forks, New Daniellemouth, GY4 1BD",0838980725,Dr.,"Warren, Ryan and Goodwin"
Chloe Oliver,"Flat 9, Ian drive, South Patrick, S1H 6AD",+353839930579,Mrs.,Ryan and Sons,ZZ618905T
Antony Ryan,"Studio 99, Green dam, Johnsonstad, B29 5TH",0837027932
Mrs. Beverley Perry,"Studio 78, Reece burgs, Port Zoe, S38 8HU",0835756274
Rosemary Hall,"956 Hart fall, West Lawrencefort, FK3V 5AU",0874939598
Mrs. Jane Turner,"Flat 71F, Douglas ports, Phillipberg, W71 0LH",0872147190,Dr.
Joanne Campbell-Henderson,"698 Marie port, South Julianfurt, N49 9SD",0896696448,Mr.
Miss Kathryn Smith,"Studio 28E, Clark plaza, West Charleneside, EH4 1TA",+353852907481
Dr. Francis Brown,"Studio 85, Middleton loaf, Reevesfurt, OX2R 3LG",+353899984495
Mr. Jason Chamberlain,"Flat 39, Read lake, Rosiestad, G1 0DL",0838035466,Miss
Brenda Barnes,"Flat 67, Rachel causeway, Jonesmouth, SL09 6JN",0859363003,Mr.,Hall-Graham
Miss Lorraine Connor,"971 Parker burgs, Greenshire, L58 5QP",0857841054
Abigail Dean,"Studio 06, McCarthy stravenue, New Luke, B0U 4TU",0854535916
Tina Austin,"Flat 21r, Samantha trail, Bryantstad, CA1N 1JW",0839567708
Caroline Hawkins,"Studio 72, Williams estate, Bennettchester, CF94 2YZ",0897064649
Teresa Gould-Parkes,"174 Karl crossing, Port Stephenstad, BT7B 2ST",+353899733487
Angela Miller,"1 Gerard plaza, West Carolside, B51 6GX",0857221630
Oliver Smith-Turner,"Flat 6, Kelly flat, North Gillian, AB09 5ED",+353854793931
Mr. Russell Davies,"Flat 72, Chloe causeway, Lake Gracechester, E31 6XS",0872002252
Bernard Smith,"Studio 64, Newman well, Mossshire, CV45 0QR",0899728145
Mr. Jeremy Perkins,"4 Saunders locks, Thomasmouth, SA0 5FN",0871968779
Dr. Nicholas Turner,"436 Tom corners, Carlburgh, DG9V 1UG",+353895590255
Charles Ball,"464 Simmons underpass, Clarkeburgh, DT4 5HA",0891019610
Dr. Keith Andrews,"Flat 98a, Chapman harbors, South Aaronville, CW3M 8FH",0875927290
Margaret Stevens,"0 Mary squares, Fletcherburgh, L4 5FU",0851694237
Ms. Hazel Watkins,"Studio 1, Mason terrace, Brennanview, M27 3YR",0872650775
David Joyce,"8 Watson highway, Readchester, M6C 5EW",+353857536948,Ms.
Mr. Leonard Stokes,"Studio 68b, Charles hollow, Wilsonfurt, FK36 9YG",+353855800475,Dr.
Mr. Jake Smith,"Flat 91Z, Lawrence isle, Banksmouth, IP7 8PE",0856568202,Dr.,"Ingram, Johnson and Shaw"
Karl Cooper,"98 Declan center, North Gemmahaven, M9W 4SH",0834930942
Mr. Callum Owen,"Flat 27q, Stephen groves, Nigelburgh, S9 9UU",+353855008734,Dr.
Mr. Owen Carter,"20 Scott junction, Daleport, B69 0GG",0891558318,Ms.
Dawn Wong,"Flat 9, Jordan pines, Richardchester, N1C 5EJ",0859078665,Ms.,Wilkinson-Lloyd
Dr. Maurice Lawrence,"Studio 41, Alexander hill, North Lydia, SW2W 9DW",0857036916,Dr.
Ricky Johnson,"Flat 95A, Sara avenue, McDonaldshire, M4 7GQ",0877094968
Jane Coleman,"Studio 7, Tom circle, Mauriceberg, E14 3BF",0893593430
Mrs. Naomi Davis,"2 Carly mission, Scottbury, PL6P 6BX",0835617068,Dr.
Wayne Mann,"16 Lisa flat, Lake Julia, NW25 4ZB",+353837182132
Mr. Tony Willis,"69 Keith views, New Georgia, L8 8AE",0854153095
Carly Thomas,"52 Christian skyway, Johnside, DT3 1RJ",0879369651,Ms.
Megan Hale,"Studio 67, Garner cliffs, Port Angelaberg, N48 3SE",+353851452277,Mrs.
Amelia Nixon,"Flat 31, Hilary village, Port Gerard, LS9Y 3RG",+353893416147
Ms. Rosemary Pugh,"Studio 60, Evans causeway, East Louiston, L0A 4SA",0837542156
Hannah Begum,"Studio 27R, Reynolds forge, West Billy, S8 9FT",0891520642,Dr.,O'Sullivan Group
Robin Green,"Studio 95J, Janet port, Adamsborough, RH7W 0SX",+353895821977,Ms.,"Perkins, Read and Cross"
Gary Allan,"Flat 54c, Denis corners, Sharpehaven, GL7 7NX",0858230250,Dr.,Schofield Ltd
Terry Patel,"92 Mohamed turnpike, Gavinburgh, E0S 6FW",+353893117938,Ms.
Nicola McDonald,"88 Mohamed way, Heatherport, KY08 5DG",0851503344
Dr. Brandon Hope,"5 Clarke glens, Raymondside, BL69 6TT",+353872945331,Mr.,Fisher-Francis,ZZ 379638 T
Angela Perkins,"586 June alley, New Jeffrey, DA78 0LS",+353891628821
Ashleigh Baker,"255 Stone cliff, Joelton, HX0Y 7SH",0837988274,Ms.
Mr. Gerard Metcalfe,"Flat 6, Walker trace, Lake Emmaport, DD98 4TD",0877700429,Mr.
Jason Fletcher,"5 Kevin mall, North Beth, WS1V 7LH",+353874550390,Miss
Dorothy Brown,"Flat 09w, Robin shore, Daviesmouth, AL22 7UJ",+353851966134,Mr.
Kimberley White,"Studio 35, Sophie viaduct, Williamsville, E12 6GB",+353897684013,Ms.
Dr. Guy O'Connor,"Studio 25P, Herbert valley, Smithberg, L1A 4LB",+353853284230
Geoffrey Harrison-Cross,"Studio 6, Mistry ville, West Kathryn, WD0A 7BZ",0859600628,Mr.
Dale Young,"Flat 35w, Harding spurs, West Nicholasburgh, N44 7NU",+353839685792
Katherine Hooper,"9 Carl street, Greenwoodtown, N8C 8DZ",0894143256
Dr. Stewart Pickering,"9 Lee curve, Youngtown, L92 8RX",0852688665
Miss Tina Smith,"04 Philip canyon, New Mary, N5 6GL",+353897845389
Kimberley Howells,"Flat 9, James mountain, West Malcolmfurt, G36 6FG",0834043414
Norman Simpson-Taylor,"Flat 76, Walker ridges, Johnsonfort, N0J 1XJ",+353855733063,Dr.
Mary Green,"943 Porter points, Port Aimeefort, B6 1LW",0899344952,Dr.,Wood-Ball
Kenneth Reed,"6 Kathleen mission, Paulton, S5K 2SH",+353838168855
Judith Mellor,"Flat 01, Joshua shore, Graytown, B34 1UU",+353851116052
Mrs. Hilary Clark,"Flat 89B, James mill, New Damienhaven, S5G 1SY",+353891678545
Bethany Armstrong,"964 Walker estates, Andreaside, CH91 4FJ",0831333177
Joan Kay,"645 Benjamin ferry, North Callum, DG3X 2BW",0898834208,Mr.,"Hunter, Thompson and McCarthy"
Mr. Jay Reeves,"Flat 73, Paula cliff, Patelshire, PH80 3LL",0833889787
Billy Warren,"Flat 0, Payne lock, Charlenehaven, TS67 8ZH",+353876350857
Miss Wendy Curtis,"796 Browne wells, Lake Andrew, S21 8ND",+353898442028,Dr.,Doherty LLC
Mr. Graham Forster,"49 Jemma path, Harrystad, KA13 1TA",0833977775,Dr.,"Holmes, King and Lloyd",ZZ 570205 T
Melanie Williams,"Flat 61, Lydia gateway, Hollyview, WF1 7DX",+353855929324
Shannon Davies,"Studio 54, Reynolds corners, Lake Glen, M04 0ES",+353897262998,Dr.
William Hawkins-Moss,"273 Baldwin meadows, Stephensberg, S6 9NJ",0834779651,Dr.
Iain Barrett,"5 Mills pass, Lake Maurice, M1 5UG",0871277922
Kevin Baxter,"45 Irene ferry, Archerville, BS01 4YF",0857146587,Mr.
Lesley Taylor,"726 Charlotte cape, New Margaretton, E5D 9XN",0896551091
Dr. Leanne Brown,"Studio 35W, Williams lodge, East Pamela, L1 5RJ",+353859492515
Abigail Godfrey,"Flat 45l, Joel place, Port Jason, W1T 2FU",+353854353763,Dr.,"Payne, Young and Murray"
Melanie Smith,"6 Gill parks, Woodwardview, EH29 9EF",0852776681,Dr.
Josephine Marshall,"84 Newman haven, Lukeberg, B53 0JB",+353851402793
Olivia Robinson,"451 Harris wells, Murphyhaven, YO1V 3GN",+353875642100,Dr.,Smith-Edwards
Dr. Joyce Spencer,"Flat 48K, King greens, Russellside, SY9 3RL",+353835317768
Valerie Richards-Andrews,"Flat 79L, Martyn brooks, South Stanley, B9D 3XB",+353859623575
Robin Harding-Blake,"82 Frances dale, Lake Ruth, DH5 8RP",0852765500,Mr.,"Howarth, Matthews and Campbell",ZZ113666T
Antony Jones-Ball,"11 Denise hills, New Clifford, B3 9NW",+353896833835,Dr.
Bernard Davis,"712 Summers villages, Gibbshaven, AL46 6BD",+353873383967
Ms. Melissa Thomson,"821 Sylvia gardens, Jonesberg, M1 7DW",+353831339612
Rosie Garner,"2 Tom crescent, North Mary, E8K 2EU",0895015101,Mrs.
Dr. Sylvia Thompson,"2 Sam point, Robertsfurt, PA6A 4DA",0895706151
Kelly Williams,"Flat 8, Norton landing, New Leanneton, B26 6TS",0899846960,Miss
Ryan Khan,"Studio 1, Elliott tunnel, Markmouth, DG1R 4SL",+353838988636
Dr. Toby Holmes,"Flat 31, Dawn villages, Websterberg, BH1 8NX",0898657324
Mrs. Beth Kelly,"Flat 2, Thomas expressway, Warrenfurt, DE7H 2TB",0836891935,Mr.,"Turner, Harrison and Sutton"
Joanne Reeves,"Flat 60, Denis river, Melanietown, W4F 6DP",0874108573,Ms.
Gavin Simpson,"Studio 5, Melanie overpass, Williamsonfurt, PO0 2XJ",+353896100270,Ms.
Dr. Roger Hanson,"268 Potter parkways, Frenchberg, G6G 3NB",0871130306,Mrs.,Taylor and Sons
Charles Holloway,"61 Hughes bypass, North Carly, SK28 6FE",0831986560,Ms.,Price-Cook,ZZ851486T
Alan Cook,"Studio 0, Brett prairie, Adrianland, G03 6JJ",0857727232
Shirley Williams,"Studio 47K, Gareth loop, New Garyview, BT97 8RF",+353853307674
Darren Boyle,"0 Georgia point, South Jakeville, M5 7WF",0853600873
Dr. Jacqueline Carroll,"305 Fox unions, Lake Stephenshire, NP39 9JA",0857236093,Mr.
Clifford Sharpe,"83 Hussain village, South Jordan, N16 9SS",+353839647451
Jessica Simpson,"Studio 31X, Morgan parkway, Lake Lukeberg, FY29 2WY",0832787555,Dr.,"Chapman, Lee and Barnett",ZZ 44 99 08 T
Mr. Hugh Barker,"Studio 13w, Brennan valleys, Port Brenda, CH8V 3BJ",0896626801
Pamela Evans-Wright,"Studio 3, Jacob stream, East Nataliemouth, M2 6XU",0854956382
Leonard Whittaker,"74 Trevor summit, Lake Helenville, BR6A 7FF",+353871163340
Judith Collier-Armstrong,"Flat 89, Carter view, East George, S5 3FS",0895447309
Grace Francis,"0 Brown summit, East Abbieburgh, G9C 3XA",+353837439244
Rachel Garner,"80 Richardson junction, Smithfort, SM3W 0GU",0893691897
Danny Roberts,"Flat 3, Andrea parkways, South Amystad, MK1B 2GP",+353859912445,Mrs.
Ryan Kelly,"Studio 33g, Sean unions, East Christianland, B3 2EF",0895967294
Glen Glover,"Studio 31l, Herbert common, Fergusonport, N46 9RW",0833491452
Caroline Cole,"690 Angela point, Wardburgh, E8 9ZX",0856250119
Joshua Burke,"Studio 66, Kenneth street, South Bethanchester, B25 8SD",+353892226937,Dr.
Beverley Evans-Boyle,"Flat 55, Smith turnpike, Port Paige, B4 5RP",0895845273
Mr. Samuel Mellor,"518 Johnson mountains, Brettville, GL02 0BE",0855213352
Dr. Benjamin Watts,"1 Dylan divide, West Owen, LN9E 2TS",+353895235982
Dr. Brian Thorpe,"62 Kathryn tunnel, New Iain, M90 3FS",0895254686,Dr.
Mr. Alex James,"Studio 59k, White crossing, Taylorshire, E4S 6ZR",0876219422
Dominic Bell,"80 Johnson manors, West Jordan, HG4Y 9PF",0875973003,Mr.
Tracey Williams,"60 Sophie brooks, Lesleyville, E0 7BT",0858938511
Jayne Evans,"Studio 22, Jessica ranch, Morrisborough, SK0 1TG",+353892498023
Angela Griffiths,"0 Kathleen knoll, Lloydview, SY87 5ZE",0854469109
Julia Brown,"Flat 7, June mount, Haynesfurt, W4G 5QU",+353851083507
Rachael Mellor,"37 Gallagher island, New Hugh, B6 4YG",0872106011
Dr. Wayne White,"Studio 5, Wilson court, Lake Bethany, CR09 6RL",+353832436216
Mandy Young,"7 Scott court, Geoffreyport, SS50 7AR",+353898222162
Leanne Lord-Fisher,"Studio 45N, Thorpe unions, Johnsonmouth, G9F 1HB",0857517715
Dr. Francis Daly,"Flat 0, Wood tunnel, North Tobybury, B5D 6LP",0851322361
Grace Herbert,"Studio 8, Shane hills, Grahamfurt, IM19 4SS",+353851878771,Miss,Lee-Kelly
Sam Whitehead,"Studio 3, Lewis well, Eileenfort, TA8A 9BW",+353831106686
Damien Powell,"062 Maria square, Fryton, CO7 5ZE",0874922828,Ms.
Abbie Davies,"Studio 2, Kelly island, Port William, G51 7SH",0851457397,Mr.
Vincent Wells,"Studio 18f, Graeme club, Christinemouth, N4 9FD",0832359126,Ms.
Mathew Gill,"Studio 88, Doyle crescent, South Charlietown, LE23 7ZT",+353852847289
Miss Chloe Porter,"855 Clark estate, Brettland, YO66 7PR",+353872215202,Mr.
Dr. Carolyn Marshall,"0 Luke lodge, Brownberg, N04 1YA",0891987118,Dr.,Brookes-Allen,ZZ 115652 T
Guy Brooks,"Studio 16, Gerald gardens, Lake Geoffrey, S9K 0AJ",0877456159
Dr. Adam Johnson,"Studio 81, Williamson mountains, Wardfort, WF5X 1ZQ",+353836999330,Ms.,Smith-Baker
Graeme Pearce-Smith,"924 Preston knoll, Lake Maurice, RG0X 4TU",+353899849132,Mr.,Humphries Inc
Sharon Payne,"29 Frost falls, East Damienland, MK51 6HB",+353895204954,Miss
Dr. Roy Holland,"1 Middleton vista, East Charleneshire, N14 4BG",+353875555359,Mr.
Sara Lewis,"28 Waters street, Brandonland, S7 1EZ",0854650332
Mr. Nigel Phillips,"180 Baldwin lakes, Baileyburgh, N01 6DR",+353856520334,Mr.,Smith-Hunt,ZZ538862T
Mr. Brett Thompson,"09 Joanne run, North Damian, FK93 8EG",+353899544615,Miss
Terry Nelson,"830 Marian mews, Douglashaven, L42 7QU",+353891940336,Miss,Jones-Carr,ZZ 618571 T
Brandon Brown,"74 Stevens station, North Bethanyfort, PO7 1RR",0851520024,Dr.
Mrs. Marion Kay,"83 Collins coves, Teresahaven, B85 4ZY",+353899800907
Rita Spencer-Sutton,"Studio 20, Dylan bridge, Lake Jacquelinetown, E20 7DJ",+353896577079
Mr. Norman Baxter,"73 Armstrong skyway, East Dannyview, CR8 7XW",+353899323263
Yvonne Wells-Perry,"Studio 26a, Pearson pike, South Beverley, DN38 6RA",0871240921,Mr.,King PLC
Charlotte Atkinson-Akhtar,"88 Quinn tunnel, Douglasview, M5 6BF",+353871503883,Dr.,"Baker, Austin and Butler"
Mr. Norman Perry,"Studio 98, Jones manors, East Bethan, G0 5DN",0893192599,Mr.,Baldwin-Ford
Suzanne Wallace,"220 Taylor heights, Shannonhaven, M9 2RB",+353858441040
Terry Gardner,"56 Collins lane, Stewartport, L77 8QS",+353892709036,Mrs.,Walsh-Khan
Jayne Kirk,"481 Richardson trace, South Dominicland, G2 3WH",0833079130
Jeffrey Patel,"Studio 4, Alexandra lodge, New Kathleen, S4 5DU",+353851007063
Amy Smith,"439 Mandy key, Clarkburgh, KW7 4FS",+353875610026
Mr. Shane Davies,"95 Michael shores, Lake Lawrence, HG84 9QB",0837620967
Colin Cook,"01 Davidson garden, Port Janet, EH85 7NJ",0899593625,Mr.
Mr. Ashley Howard,"71 Joan falls, Carolhaven, DN9 6ET",+353855866388
Mrs. Denise Hodgson,"Studio 63C, Glover rapid, Lake Staceyborough, WC4R 0TU",+353858367680,Mrs.,"Jackson, Ashton and Parry"
Beth Doyle,"81 Joan lodge, East Shannonmouth, DT89 3GB",0851213460,Dr.
Beverley Johnson-Anderson,"0 Geoffrey mountain, Jonesland, B9 3LQ",0899106042
Jennifer Murray,"992 Roberts trail, West Eric, KW18 6LN",0872512309
Francis Brown,"1 Hunter summit, Port Leonardfort, B29 2EX",0895139280
Mr. Gary Macdonald,"5 Manning groves, East Catherinetown, EC89 6JL",+353879354454
Chelsea Williams-Sheppard,"Studio 55, Margaret bypass, Leehaven, SP4W 9FU",+353893846513,Mr.
Dr. Samuel O'Connor,"499 Shaun park, Berrymouth, IG1R 5WH",+353895566105,Mr.
Jacqueline Parkinson-Ali,"Flat 91i, Sian squares, Faulknerchester, L04 6AZ",0853867832
Conor Dickinson,"4 Mathew mall, North Eileenfort, DY0R 0DF",0852704576,Mr.
Dale Fox,"445 James curve, North Chloefort, N4 0ZE",0857404080,Miss
Lesley Wilson,"4 White avenue, Deanborough, OL4W 5DH",+353833989710
Miss Joan Stewart,"8 Robinson extensions, Batesmouth, N9 1FD",0878572959
Patricia Mitchell,"405 Carolyn point, Port Joanna, N5D 6ZP",+353879316118
Mr. Ronald Harrison,"838 Gerard lakes, South Sheila, G83 4BA",0837055458
Jenna Stewart,"45 Francis corner, Mariemouth, HD4P 5RB",0879833838
Josh Stanley,"Studio 5, Stacey course, East Josephbury, CH7X 3JZ",0897951935
Dylan Baker,"712 Simpson corner, Woodview, BD2M 0QX",+353837721023
Mrs. Laura Stevenson,"Studio 7, Raymond inlet, Stephanieburgh, E1 7DG",+353858800861
Dr. Angela Evans,"1 William plains, West Katherine, N82 2JP",0853899860
Henry Wilkinson,"Flat 04, Roberts villages, Kayleighberg, AL4 9BB",0892852781,Mr.,"Hope, Rowe and Jenkins",ZZ952890T
Beth Shaw,"025 Dylan summit, West Natashaside, W1 3UE",+353852954836
Eileen Sullivan-Robinson,"2 Mohammad roads, New Lisaburgh, L3U 8ES",0872311751
Paula Coates,"671 Anderson motorway, West Gregoryburgh, B22 5AN",0894980965
Holly Watson,"Studio 65, Derek roads, North Jasmineborough, BR5E 8UG",+353872580291,Ms.
Anne Scott,"Studio 88, Raymond view, North Ericbury, IM7 1ZD",+353878289110,Dr.
Mr. Sam Stephens,"750 Georgina prairie, North Michelle, W6J 8DZ",0891727789,Mr.
Miss Ann Carter,"Flat 08H, Jemma ridges, Bethanyberg, W01 5JS",+353835089971,Mr.
Elaine Mitchell,"380 Robinson extension, Jenkinsberg, HA2W 3FR",+353892512962
Diana Sinclair,"32 Gavin centers, East Elliott, SP99 1XG",0896014731
Malcolm Gill-Norman,"Flat 2, Taylor fall, West Dianeville, S3 3XZ",0838768488
Dr. Jayne Lewis,"402 Melissa estate, North Craigside, OL1 2LP",+353857727016
Josh Morgan,"851 Holmes spur, Huntmouth, WF2 8BN",+353857296963
Beverley Roberts,"Studio 59r, Kemp roads, New Leah, S13 5QU",0835129976
George Brown,"Studio 38, Smith wall, Lake Vanessahaven, CF6 3GN",0892592496,Dr.,Hughes-Taylor
Mr. Nathan Wilkinson,"Flat 62, Paula crossroad, North Deborah, TD2A 6RY",+353858601041,Mrs.
Dr. Naomi Dean,"9 Samantha glen, Port Yvonne, B6 8FT",0897175031
Tony Walsh,"Studio 6, Roberts hollow, Patelberg, N74 6XT",0833917202
Sylvia Murray,"603 Wright parkway, Port Lindaton, NP6 5UE",+353853019064
Tracy Payne,"Flat 58, Christine trace, Bryantburgh, E61 7SE",0896885346
Andrea Edwards,"Flat 0, Claire forks, Anneland, B0 4PT",0859908931,Mrs.
Raymond Smith-Campbell,"Studio 4, Kent views, Wilsonhaven, DT3V 6HA",+353874517652,Mrs.
Eileen Shah,"01 Dorothy springs, South Jeffrey, CH6R 2AZ",+353857779206
Mr. Adam Mills,"7 Hughes creek, Bellport, G97 4BB",0876764174
Andrea Simpson-Harris,"Studio 1, Clark shore, Patelchester, W3 2YJ",+353837695347,Dr.,"Moore, Patel and Turner"
Mr. Philip Rowe,"16 Richard island, Zoefurt, SP35 3DF",+353879118061
Colin Bentley,"Flat 24O, Declan way, Gardnermouth, E3 2FL",+353872793351,Mrs.,Barber-Bird
Mrs. Rosie Perkins,"Studio 3, O'Sullivan crest, South Nigelfurt, EH3 5JN",+353891312978
Victor Marshall,"Flat 78p, Watts course, Shaneville, SE91 1UD",+353879662275
Angela Burke,"6 Poole port, Nigelton, IM5 1GF",0898929638
Naomi Jones,"043 Roberts summit, Georgechester, NN60 8JA",+353896525228
Mr. Danny Wilson,"42 Guy tunnel, Conwayport, AB34 5NR",0836851488,Ms.,"Wood, Wilson and Hyde"
Miss Carol Jones,"564 Reeves tunnel, Kellyton, KW60 6AQ",0853347608,Dr.,"Gray, Brown and Harrison",ZZ 51 67 76 T
Kevin Brown-Lane,"Studio 90t, Nigel hills, New Justinburgh, L05 4TY",+353893223474,Dr.
Cheryl Sinclair,"73 Vincent fords, Walkerville, CW9H 2HD",+353897270971,Dr.
Billy Parsons-Bartlett,"002 Josh groves, Abbieville, SW08 9ED",0896145835,Mrs.,Ali-Pearson
Mr. Allan Duffy,"Studio 35, Burton freeway, North Callum, M6S 5GH",0834858364
Duncan Watson,"54 Hughes place, South Heather, N67 7JH",0855897476
Frances Thorpe-Williams,"Studio 0, Pauline brooks, West Sian, G3K 4AG",+353895933683,Mr.,Russell-Wallis
Miss Mary Clarke,"Studio 98t, Ahmed cove, New Markstad, N43 9XZ",+353872429240,Mr.
Stacey Pearce,"Flat 76, Helen drives, Charlottefurt, W56 2TR",+353893182243,Mr.,Bird PLC
Douglas Hughes,"Flat 1, Joel groves, South Nicole, N0H 6RU",+353895975395
Nicole Wilson-Carr,"657 Ball tunnel, Keithchester, DT3 8RB",+353898995775
Damian Stephenson,"862 Boyle burgs, Port Edwardshire, PH70 6DD",+353879840509
Mr. Luke Lawrence,"4 Lindsey shores, New Raymondstad, N8S 6EU",+353852268513
Thomas Ford,"1 Adrian mountains, Joannamouth, S1 6RG",0873396027
Miss Kelly Davies,"215 Slater glens, Ryanside, L7 6AE",+353892642017,Mr.
Dr. Charlotte Bibi,"Studio 83l, Catherine cove, Bryanshire, M5F 1DH",0836149240
Damian Jarvis,"45 Louise shores, Thomasburgh, W10 9AX",0855124255
Frank Fitzgerald,"04 Alison cove, New Stewart, E9 3PU",0851406884
Amy Fraser,"86 Ford ville, Eleanorville, SS77 3HY",0839139549,Dr.
Ms. Hayley Atkinson,"Flat 9, Laura parkway, Gerardfort, B1 2PQ",+353877952477,Miss
Jean Bates-Savage,"Studio 4, Griffiths mill, Buckleystad, L2B 8ZD",+353854383325
Lynne Hudson,"19 Joe ford, Ameliabury, M6 8SZ",+353895306395
Mr. Steven Ward,"Flat 0, Norman cape, Port Tracy, TW5 3HL",+353838992083
Dean Evans-Turner,"3 Eric shoal, Robertchester, TW8X 8BF",+353859203556
Marian Walker-Pope,"Flat 79, James road, West Ryan, N7 7FW",0839396570
Ms. Lisa Ross,"268 Johnson mountains, Port Carol, S3 8UJ",0857588183
Jason Bennett,"Flat 55, Jordan parkways, New Hayleymouth, B8U 4LB",0856697867
Amelia Smith,"5 Peter terrace, Lake Lydiahaven, N4B 2PH",0877579895
Harriet Brown,"Flat 42J, William view, Williamsside, B00 6FT",0893760049,Mr.,Smith and Sons,ZZ 17 85 61 T
Julie Walsh,"208 Hale roads, Bellland, L65 5YU",0832358302,Mr.,Humphries LLC,ZZ003661T
Jason Robertson-Williams,"Studio 98, Richardson way, Arthurbury, PO0 6UX",+353852488185
Miss Chelsea Lawrence,"Flat 46, Liam harbors, Wallacetown, G0 4GX",+353854900085,Dr.
Paula Bartlett,"513 Flynn camp, Lake Patricialand, EX28 1HB",+353875032503,Mrs.
Simon Sanderson-Swift,"453 Alexandra place, Bowenview, TA2H 9EP",0879962562
Tom Richardson,"Studio 07, Ben isle, South Katie, B38 2NY",+353897736110,Mr.,"Wells, Roberts and Brennan"
Sandra Green,"Flat 0, Jake plain, West Glen, BD7 2YX",0832122705
Teresa Page,"Studio 32k, Burton haven, Swiftland, KA06 8ZR",0852900599
Mrs. Paula Bates,"882 Harris heights, Donnaville, GY69 2YU",0836696007
Guy Osborne,"Studio 8, Karen viaduct, Deanberg, HS1H 6SH",+353856399686,Mr.,"Khan, Kemp and Holland"
Mr. Howard Haynes,"0 Clifford village, West David, BR0Y 7NJ",+353835178793,Dr.
Phillip Dodd,"Studio 70U, Danny groves, Lake Alexandra, CT57 3UP",+353899176587
Dr. Callum Cook,"Studio 31, Marie heights, South Marilynport, B44 3NB",0879764249
Emma Norris,"Studio 87D, Dale course, North Normanland, FY35 1YP",+353857086316,Dr.,Parkinson and Sons,ZZ 27 43 80 T
Clifford Fox,"Flat 35, Kirby manors, North Sam, G6 4LQ",0839332452
Helen Bishop,"Flat 47, Baker port, Arthurstad, W2 6JZ",0855605027
Albert Davis,"Flat 08Z, Bull viaduct, Lake Paulaview, CA7Y 8GN",0875174586,Miss
Sara Preston,"38 Faulkner plains, Lake Marcusland, JE7B 5QJ",+353833895141,Dr.
Matthew Miah-Lloyd,"0 Timothy ridges, Staceymouth, HD1X 0LZ",0852358314
Raymond Baker,"13 Max view, West Cameronberg, M3 4PZ",0893985065,Dr.,"Baker, Thompson and John",ZZ 253393 T
Anne O'Brien,"03 Zoe spur, Grantchester, PE4M 6PA",0859144238
Samuel Lewis-Marsh,"349 Harper greens, Newtonborough, S6G 3BF",0853419349
Jennifer Norris,"Studio 9, Julian pines, West Nicholas, WD29 0NA",+353834237050
Mr. Geoffrey Jones,"2 Gallagher mills, New Keith, B93 0GL",0876483788
Joan Curtis,"Flat 92, Louise drives, South Sharonside, L6W 9QP",0852962708,Mr.,"Harris, Griffiths and Parker"
Max Ali,"184 Martin vista, North Adam, S2H 5BR",+353851523983
Harriet Pearson,"Studio 5, Gordon inlet, Cherylton, W66 8NB",0858472501
Damian Cooper,"Studio 96, Webb forks, Emmamouth, W2 7LA",+353899224940,Mr.,Wall-Hudson
Barbara Nicholson,"Flat 26, Hunter manor, Lake Rosie, M99 6AQ",+353876889601
Janet Hardy,"7 Jones rapids, North Jasonside, M8 8FW",+353831665492,Mr.
Mrs. Sophie Gibson,"Studio 6, Andrea port, New Maxside, DY67 4NY",0853380754
Harriet Ali,"1 Georgia pines, Traceyberg, E9 2FT",0839757396,Mr.
Victor Howard,"Studio 75q, Fletcher street, Dianamouth, M8 7FX",0896959699
Kayleigh Power,"Studio 81W, Kim expressway, Port Annestad, N96 8BQ",+353875612177
Ben Hewitt,"761 Barnett dam, Huntland, OL9X 8RY",+353893880242
Tom John,"277 Alex parkways, Flynnburgh, BR98 5LG",+353856459886,Miss,Martin and Sons,ZZ 034452 T
Joanna McLean,"42 Clarke views, Markmouth, TR4 1EQ",0835455285
Catherine Jones-Hughes,"Flat 2, Wilson row, South Susanmouth, B3 4QU",0835710153,Ms.,"Bell, Powell and Richards"
Amber Harris-Spencer,"07 Rachel islands, South Sharonville, KW0X 7JR",+353897910706
Dr. Barbara Mason,"0 Mason row, West Duncanburgh, TF7 7QA",+353854796953
Terry Jarvis-Smith,"Flat 22, Bailey extensions, Dianatown, M6H 1ZF",0899932167
Malcolm Thomas-Stanley,"Studio 96W, Lynn street, Adamport, TF6 2XB",0875794803
Rhys Watson,"3 Bates point, North Julieland, L0H 7LL",+353858011580,Dr.
Jade Howells,"6 Taylor creek, Lake Kate, CM6 5ZW",0893081491
Gareth Khan,"Flat 2, Ann union, Joyceland, S52 7NN",+353873836363,Ms.
Katie Price-Butler,"Studio 5, Derek plains, New Jeremy, DT2 7ZY",0831935419
Sharon Reynolds,"Studio 52, Donna villages, Antonymouth, L1F 5NW",+353879739591
Dr. Denis Baxter,"59 Irene path, New Bryan, HG4 6NP",+353894524631
Dr. Alex Hall,"588 Henry drive, Jenkinsbury, DD5B 4WN",+353876411467,Dr.
Ben Benson-Morley,"33 Yvonne spurs, East Leonardburgh, WS1 7XY",+353899208868
Abbie Mills,"990 Mistry shoals, South Bernard, BA0M 2LA",0891319870
Dr. Sheila Marsh,"Flat 36, Judith lodge, New Arthurmouth, SA87 3BT",+353855850198,Mr.,Burke Inc
Dr. Hazel Patel,"Studio 3, Susan dale, Denniston, L86 8LL",0899593403,Mr.
Cameron Bell-Williams,"35 Smith forks, Victoriabury, M41 6TJ",0834077060
Beverley Walker,"09 Ahmed views, Pateltown, E8 4ET",0835811446,Mr.,Hunt-Howard
Mrs. Louise Hunter,"559 Albert lakes, Jodieland, WV3V 2BS",0835062027,Dr.,North Inc,ZZ 37 74 92 T
Mr. Neil White,"Studio 29j, White rest, East Dylan, G39 0RH",+353878205331
Gavin Wilkinson,"10 Jay ville, Wrightberg, NP5 5AF",0851555278
Mr. George Alexander,"Studio 02p, Gerald lodge, Harrietstad, DD78 0AH",+353857382746
Jodie Gregory,"12 Angela fork, Pamelabury, RH7 6TF",+353852539788
Matthew Moore,"Studio 2, Walton shoal, Griffithsberg, KA2 6NQ",0873328985,Mr.
Valerie Glover-Hussain,"55 Bruce rue, Johnsonchester, L5 2JE",+353871090267,Ms.,"Cox, Pritchard and Green"
Darren Leonard,"4 Clements squares, Brownview, LU8V 9YR",+353859160969,Mr.
Dr. Bethan Johnson,"Studio 9, Tony springs, West Dean, CO46 7SA",+353855228761,Ms.
Mr. Robert Clark,"Studio 79, Harriet centers, Arthurstad, N5 0FT",0855160135,Mr.
Mr. Paul Powell,"Flat 30d, Charlotte road, Joelshire, HG6H 2NT",+353834665450,Dr.
Miss Nicola Peacock,"560 Chloe square, New Katie, CA6E 9HW",0897062311
Barbara Fletcher,"Flat 72D, Chan brooks, Thomasstad, M2A 6BT",+353836315645,Dr.,Wong-Young
Jade Bradshaw-Tucker,"Studio 43p, Lewis greens, Hewittport, DD2 9AU",+353878395990
Lesley Mahmood,"36 Anderson forges, New Kayleigh, CO0 3ZU",+353853957464
Mr. Samuel Bell,"Studio 5, Gould forge, New Damianmouth, S8B 3QR",+353852916143
Lee Elliott,"19 Gerard summit, Williamstown, DE33 9ST",+353872339635
Mr. Garry Russell,"34 Dylan lake, Lake Dorothyfort, HU54 2QE",+353897940688,Mr.
Stanley Carter,"90 Declan dale, Carolinemouth, E47 1NX",0855132247
Lindsey Todd-Day,"Flat 38, Webb via, East Georgia, G8 1PL",+353895470238,Mr.,Jenkins-Ashton
Kathryn Bishop,"Studio 61J, Clayton motorway, East Conor, N4 4XT",0871958879
Joanna Pearson,"198 Baker tunnel, Butcherfort, OL9 0ZA",+353878795122,Dr.,Schofield and Sons,ZZ 84 99 37 T
Holly Bennett-Robson,"810 Shannon street, Raymondshire, BN25 0LA",+353855750227
Gerard Bradley,"070 Guy circles, Joshville, NN8Y 6FX",0831547153
Diane Roberts-Bishop,"85 Fraser ridges, North David, HS2A 6BU",+353877703689
Jemma Evans,"Flat 36, King pass, Brendamouth, N7H 7QD",0874644541
Hollie Richards,"32 Scott club, New Harrietview, E6S 0UT",+353835181417
Diane Morris,"Flat 15O, Ross drive, Harrietfurt, KA64 7JG",0832319067,Dr.
Julian Moore,"218 Hussain causeway, Adammouth, S8T 4WW",0872756286
Rachel Williamson,"724 Andrew valley, New Marcborough, BT89 9ED",+353856738431,Mrs.
Marc Warren,"Studio 62, Walker cliffs, Port Victor, JE3H 2NA",+353894849734
Ashleigh Jones,"Flat 54w, Sharon terrace, Hargreavesview, S93 1JF",0839864351
Philip Newman,"Studio 5, Stevens route, Saundersview, BL6Y 1WL",+353858265183
Trevor Cox,"1 Justin rue, New Hayley, EC1P 3HT",0895224864,Dr.
Mr. Vincent Sutton,"Flat 14Q, Cooper glen, Elizabethside, B71 8BR",+353899093228,Mr.,"Gallagher, Hyde and Jones",ZZ 299053 T
Sharon Warner,"Flat 46, Reece tunnel, West Brett, E0 3GW",0854165692
Harriet Green,"Studio 07K, Wood mall, Dawsonview, N2 2BB",0873957838
Naomi Webb-Thomas,"52 Brown river, New Davidchester, B2W 5TN",+353873355028
Joshua Ferguson,"819 Evans spring, Lake Tinafurt, BL9 2DL",0892186925,Dr.,"Pearce, Brown and Smith"
Garry Johnson-Stanley,"Studio 50q, Gibson locks, East Tony, SW4Y 1QS",0836177990
Louis Nicholls,"Studio 87, Billy skyway, Lake Sophieport, DG8M 8EQ",+353898327964
Edward Booth,"Flat 54, Ruth dam, East Molly, L8 8BD",0833079974
Francesca Thompson,"15 Leslie cliffs, Lake Cheryl, HU0B 6WT",+353832563979,Mrs.,Iqbal LLC,ZZ 46 31 77 T
Mrs. Fiona Griffiths,"272 Stevens plaza, South Patrick, UB8A 2UR",+353878592085,Mr.,Bailey-Connor
Hazel Green,"Flat 22, Cook wall, Bethanyshire, B3 0WR",0894048243
Keith Tyler,"06 Glenn land, Jeanside, S6K 0XL",+353878326885
Dr. Lorraine Bull,"2 Watson tunnel, South Teresaborough, KT9A 8LR",+353837487291
