﻿Name,Address,Phone,Title,Company,ID
Gordon Williams,"Studio 9, Joyce expressway, South Cliffordview, L9B 2TH",0871077658
Rosemary Short,"Flat 4, Nicola union, Mitchellfurt, N7 3UF",+353831900135
Miss Amelia Morris,"Studio 80d, Davies mount, Lake Jodie, M1U 3NF",+353837847510,Mr.
Teresa Brown,"13 Graeme loop, East Marymouth, E7 4JF",+353834119036
Mrs. Emily Blackburn,"5 Kieran forest, Katiechester, SE7 5AZ",+353892525565,Dr.
Ricky Jones,"Flat 8, Smith junctions, Port Grahamtown, L0 6NY",0833946686,Dr.,Howells Inc
Abbie Finch,"153 Peters valleys, Smithchester, RG9 1DH",0834702057,Miss,Gregory-Jenkins
Mr. Hugh Wheeler,"Flat 18b, Woods alley, East Frederick, E9 4ZD",+353893576747,Dr.
Ryan Bradley,"763 Rachel camp, Burnsbury, RG7 6HA",+353859499103
Mr. Samuel Mann,"71 Whittaker lodge, Lake Trevor, CO3H 1JY",+353857872094
Ross Mahmood,"Flat 19j, Dickinson crescent, Rogersbury, N9J 9WX",0853271775,Mrs.,"Akhtar, Wilkinson and Hilton",ZZ 074747 T
Dale Baker,"22 Brown mountain, Kaymouth, W0 2NS",0891233192,Dr.,Godfrey-Riley,ZZ 223736 T
Graham Hart,"Studio 63, Webster streets, Port Suzannemouth, CT0 9NA",+353892409888
Leslie Harrison,"Studio 85k, Hamilton mall, Port Carolineport, LD81 1GL",+353895301728,Dr.,Flynn-Humphreys
Geraldine Butler,"Flat 60M, Harriet stream, Lake Ruthbury, LU5E 2XT",+353873237378
Leonard Harrison,"Studio 9, Janice falls, Normanmouth, PR2 5RW",+353856106160,Dr.,"Lucas, Richardson and Lawson",ZZ040901T
Jenna Bennett,"74 Reece terrace, South Lynda, G04 3DF",+353852635524
Dorothy Mills,"69 Kennedy burgs, Samhaven, EC60 6XQ",+353857679483,Dr.
Thomas Thomas,"Studio 2, White overpass, Hallmouth, FY7 7JW",+353874823319
Heather Wright,"Flat 29R, Powell squares, Marionmouth, EC6 2TD",0894070757
Ms. Georgia Riley,"7 Annette keys, New Heatherbury, G6G 4GN",0854020908,Miss,Smith and Sons,ZZ 099612 T
Mr. Bruce Ward,"Studio 10r, Carolyn extensions, Port Owenside, W4 0BH",+353835190537,Mr.,"Sheppard, Roberts and Parker"
Oliver Thorpe,"278 Gail loaf, Gavinmouth, E9W 4GX",+353832203599
Gary Parry,"Studio 24X, Katie camp, South Angela, WN0X 4LG",+353894426675,Dr.
Connor Atkinson-Thompson,"Studio 0, Lisa spurs, Carolynstad, W7 7DA",0893895427
Dr. Brandon Benson,"415 Clark crescent, Harveyfurt, M7W 2BX",+353834450268
Hazel Morrison,"Studio 50b, Parker hill, East Jeanton, FY07 1FJ",0831429319
Oliver Cooper-Walker,"Studio 71F, Margaret court, Jamesfurt, S9E 1SP",+353858027280
Dr. Wendy Bartlett,"Studio 10, Wood branch, East Sam, ME3 9SS",+353892051399
Donald Berry,"Studio 9, Begum trail, Lake Paul, B96 0PT",0871550883
James Cook,"819 Clive stravenue, Martynview, DD3 1JW",0893214153,Miss,Rice-Morgan
Debra Atkins,"90 Howard court, Carolinechester, SP7 6ZB",0878511598
Miss Anne Clayton,"51 Thorpe motorway, South Joannafort, S4 6QQ",0832053265
Keith Osborne,"5 Patel valleys, Trevorburgh, S28 6EU",+353856152004
Dr. Jacqueline Taylor,"6 Victoria land, Roymouth, L24 8RX",+353838387870
Nicholas Poole,"Flat 51l, Long corner, Sarahton, NP94 8UD",0875210693
Shannon Mitchell,"Flat 8, Clare vista, O'Brienport, E44 5RA",0858619902
Chloe Clarke,"Flat 41, Geoffrey crossroad, Lynnehaven, SM6B 8HT",+353856637277
Leonard Murphy,"36 Day unions, Baileyshire, L30 9EF",+353859001781,Dr.
Shannon Dickinson,"Flat 7, Elizabeth hollow, South Lukemouth, G0G 7QN",+353836164317,Miss
Fiona Jordan,"Studio 98G, Sharpe extension, Lake Dominic, L98 1HZ",+353893705915
Dr. Victoria Miller,"Studio 34R, Lisa walk, East Albert, SS9X 4RN",0836281376
Adrian Jones,"52 Ward terrace, Elliottbury, S1 5AX",0852421784
David Taylor-Adams,"Flat 70, Burke plaza, Graybury, PO46 0EB",0877583694,Dr.
Matthew Gibbs,"121 Clifford meadows, Port Joshua, M89 7YB",+353899384222
Hannah Welch,"Flat 22, Davey manors, Cooperfurt, N0 1ZE",0853040067,Dr.,McLean LLC,ZZ 427538 T
June Taylor,"377 Taylor ports, North Denise, RM1Y 6YX",0873556874,Dr.,Morgan Inc
Dr. Samuel Wood,"562 Parsons union, Mooreville, RH2P 4AU",+353875362253,Miss,Baker-Kirby
Bethan Ahmed,"705 Sarah lock, Jacobfurt, N8 1EJ",0875538077,Dr.
Danny Porter,"110 Kirsty pine, North Allan, FY7M 3WY",+353837161150,Mr.,Morris-Wood
Julia Evans,"Studio 12, Davies greens, Lake Mandy, W5 9BQ",0899551194
Jean Harper,"Studio 33, Gough hollow, Port Staceyland, DE96 5GJ",+353878741104
Michael Myers,"6 Emily unions, Port Mary, WD97 2PG",+353838878365
Ms. Melanie Dyer,"2 Louis plains, Blaketon, E86 9ST",0856735538
Mr. Damian Taylor,"908 Slater lodge, East Mohammedland, E69 1DB",+353835820470,Miss
Callum Baker,"801 Booth mount, Turnerbury, B2K 9AL",0834451096,Miss
Dr. Sam Hayes,"0 Julie divide, East Roy, NW8N 2UZ",0831518247
Lauren Carter,"044 Roberts extensions, Burtonburgh, TR4 9GN",0832446691,Mr.,Daniels-Griffiths
Jacqueline Cox,"421 Brown rest, Bibitown, LE5 4BR",+353834427139,Mr.,"Taylor, Gray and Dawson",ZZ 252904 T
Victor Byrne,"77 Leslie viaduct, South Tom, LD6 0JH",+353834739207
Trevor Short,"33 Grace rue, West Phillip, SG4 7QF",0851642961
Leigh Peacock,"Studio 93g, Whittaker glen, East Charlotte, G24 6RE",0851081874
Ross Forster,"793 Clive skyway, East Mitchell, LL26 0NR",+353872745758,Mrs.
Miss Dorothy Price,"Flat 28O, Pearce villages, Janetland, L4 5UX",0857058045,Mr.,Powell and Sons
Dr. Marcus Kay,"4 Claire station, East Dominic, IV0 0RJ",+353873496204,Dr.
Dr. Leigh Lawrence,"Studio 5, Price prairie, Lake Meganview, NP2 0XT",0835861364
Frederick Todd,"Flat 4, Harry gardens, New Rachael, CF09 5SX",+353857969668
Mr. Marcus Hart,"53 Pope knolls, West Allanstad, L3K 1EF",+353856377197,Mr.
Karl Smith,"3 Jarvis view, New Mark, HR65 1WL",0839337615
Mrs. Sara Wilson,"Studio 95, Williamson street, Nicolahaven, BH1 3EG",0892745475,Mr.
Molly Day,"36 Long brooks, Smithton, M3J 0ZJ",0859720939
Kerry Buckley-O'Brien,"Studio 22L, Warren loop, Grayfort, L66 5BR",+353836939802,Dr.
Ms. Stephanie Gregory,"6 Gordon ville, Katyborough, N3K 2HN",+353833604638
Trevor Fuller,"366 Donald brook, Port Damianburgh, TW42 5GZ",+353873928473
Mr. Bradley Shepherd,"Flat 15, Rita trace, McCarthyville, TN3 4HN",0876070773
Maria Rose-Davies,"Flat 6, Keith pine, South June, FY0R 7SB",0893223507
Martyn Turner,"Studio 6, Philip field, Kathrynbury, LE7X 6WE",+353837037044
Dr. Reece Stone,"800 Cook curve, Mohamedshire, M3 0ZJ",0896690048,Miss
Linda Singh-Robinson,"19 Dennis wall, Port Roy, CT7P 1UZ",+353831826641
Samuel Clarke,"3 Susan drive, West Abdulchester, TW6 5WW",0852125399
Carole Harris,"Studio 49, Smith hills, Parsonsshire, B1U 7SZ",+353858217659,Dr.
Mr. Paul Collins,"3 Sophie bridge, Port Joe, B50 5ZA",+353873468879
Philip Lloyd,"026 Lucy plaza, Lauraland, E4 2NP",+353877522772,Miss,Ellis-Rogers
Ms. Lynne Richards,"90 Saunders extension, Porterfort, DH7A 6AD",0854400125,Dr.
Dean Holmes,"699 Catherine rue, Tracyfurt, E0 9PX",+353873519336,Ms.
Ms. Hazel Hayward,"Flat 8, Bell pass, Kathrynburgh, TS5 5AA",+353856749920
Terence West,"Studio 9, Harvey burgs, Donaldtown, W46 8PE",0837671826
Mary Moss,"4 Foster streets, Alimouth, G6 3AR",+353831125418
Geraldine King,"292 Wells hills, West Jaynefort, NE75 3FR",0874568059,Ms.,"Thornton, Thompson and Thomas",ZZ 30 54 95 T
Dr. Caroline Doyle,"Studio 72s, Wright prairie, South Janet, HS90 0NY",+353835652148
Ms. Elizabeth Brennan,"Studio 3, Beverley walk, South Lorraineburgh, AL00 1PJ",+353856839975
Charlie Pickering,"3 Stewart expressway, Sandraside, M1W 4QW",0856192869
Gareth Williams-Glover,"Studio 98, Mohammed ford, North Colin, E32 9XU",0895762285
Rachel Smith,"1 Angela rapids, Jemmafurt, G9W 6WX",0853246156,Dr.
Edward Hughes,"Studio 0, Hutchinson mission, Lynnton, SM5 7QD",0898071713
Stacey Stanley,"09 Williams harbors, Hilaryville, EH2 8TN",+353895538849
Dr. Lucy Collins,"Flat 20y, Adams knoll, Benjaminbury, OX6 7UY",+353873180956,Miss
Julie Knowles-Smith,"988 Joshua squares, Ameliatown, M85 0SX",0899693463
Ms. Cheryl Whittaker,"Studio 88, Danielle islands, South Sheila, HD99 1PX",0898433456,Ms.
Edward Lloyd,"312 Hayes shore, East Mohamed, W09 2QD",0832403819,Miss,Palmer-Price
Leah Wade,"Studio 81, Dean walks, Wayneview, TF4 0GJ",+353874741097
Mr. Michael Barber,"Flat 51o, Barber radial, Westonmouth, HR40 0EL",+353852634089
Gillian Smith,"Studio 3, Joanna meadow, Sheilabury, TR8P 9DQ",0835963937
Mr. Joseph Barlow,"Flat 64, Davies street, New George, TD1R 5GD",0874963222,Mr.
Trevor Collins,"Studio 28, Christopher valleys, Dunnshire, N10 7RA",0853898790
Dr. Robert Price,"Studio 1, Cooper station, Jamiehaven, OL3A 8XN",+353879176991
Tony Walker,"69 Pritchard pine, Vincentport, B1 3HZ",0833505636,Miss
Mr. Timothy Willis,"13 Joseph view, Williamshaven, PL3 3PH",0852154132,Dr.
Jason Hammond,"Flat 16U, Owen road, Port Patriciaburgh, S6 0PY",+353837793935,Mr.
Helen Wallace,"Flat 24, Reynolds track, South Stacey, E1 9TZ",+353873340020,Miss
Shaun Russell,"4 Karen points, East Colin, IV93 8UN",0894645774,Mr.,Green-Richards
Kelly Edwards-Martin,"0 Gail stravenue, Katystad, ZE3 9NB",+353873180920,Mr.,Fisher Inc
Hilary Page,"Flat 0, Pearce plaza, Barlowport, L3K 7HD",0871122992,Ms.
Victor Hargreaves,"Flat 51u, Patel fords, Janeton, IV7M 2JW",0834035655
Deborah Singh-Bibi,"Flat 6, Taylor ville, South Liam, IM3P 7EG",0893445808,Dr.,Thomas-Kirby
Mr. Kenneth Burke,"Flat 68c, Tracy forge, Careyport, WD39 6EF",0839770260,Mr.
Jayne Kennedy,"2 Alison avenue, West Lawrence, S1 1PD",0837229100
Jodie Stephens,"Studio 17w, Taylor haven, Pottsshire, N3E 5LL",0839806139
Julie Dale,"3 Smith field, East Naomiburgh, BL8 6DN",+353839697163
Mrs. Amanda Francis,"Flat 51T, Bradley course, Dianamouth, M92 0FN",0856742531
Mr. Howard Davies,"Studio 06, Diane row, Port Adam, CA5W 2NN",0891853421,Mr.
Roger Marshall-Wyatt,"Studio 19K, Graham center, West Sharonbury, L1K 4ZN",0835315822,Ms.
Miss Leah Hunt,"Studio 77, Joanne freeway, South Cheryl, W53 6UQ",0834555991
Louise Heath,"Flat 7, Martin prairie, West Edwardstad, G59 1XN",+353834538615
Bradley Short,"Studio 51, Hodgson lakes, Woodmouth, NP9 6HA",+353855505207,Miss
Stacey Smith,"Flat 1, Bentley estates, Kingborough, SN8 7YU",+353896414300
Robin Griffiths,"7 McLean plain, Brandonland, M5 2NB",+353899230304
Sharon Hudson,"Studio 8, Robin well, New Paula, HS62 6PA",+353853934670
Anthony Peacock,"9 Matthews street, Port Clareville, WS9 4PR",+353898841351,Miss
Dr. Karl Fletcher,"Flat 1, Griffiths islands, West Charlesshire, WS6Y 4RP",0851214298
Trevor Marsh,"Flat 1, Short groves, North Craig, N3 4HF",+353858554518
Nathan Lane,"Studio 07l, Julie canyon, Hannahburgh, L98 4TF",+353874486128,Miss
Mr. Clifford Lawrence,"Studio 08x, Hill trace, West Caroline, WR1H 3QX",+353874236535,Dr.
Mrs. Teresa McKenzie,"056 Angela shoals, Simsfort, HU2P 8DQ",+353897146286,Mrs.,Rees-Douglas
Gavin Pearson,"89 Butler walk, East Kevin, PL7Y 7XT",0875257372,Mrs.,Rees and Sons
Connor Burrows,"2 Wright knoll, Carolinechester, W54 2PN",+353852393889,Ms.,Curtis Ltd,ZZ 33 33 33 T
Tracey Holt,"Flat 44, Watkins passage, Leontown, BD90 6BZ",+353833175654
Joan Field-Nicholls,"Flat 24M, Payne mills, Mooreland, TF3A 0AU",0892312771
Ms. Andrea Day,"Studio 54X, Jeffrey mall, New Kathleen, G3 3LS",0895840975,Mrs.,Bishop-Bailey
Ricky O'Connor-Dyer,"Studio 64j, Bryan ports, Thomasburgh, BA0V 4JQ",0872325682,Mr.
Miss Natasha Allen,"203 Christine shoals, East Cameronville, L1W 2RU",0891921671
Mr. Guy Franklin,"Studio 18y, Smith grove, Bradshawmouth, BB6B 4LR",+353892027319
Charlie Patel-Carpenter,"Studio 99V, Wilson knolls, South Geraldineland, L4T 6YW",+353851868722,Dr.
Mr. Barry Palmer,"162 Harriet village, Holdenchester, MK4 0XR",0831909251,Dr.,"Johnson, Middleton and Powell"
Dr. Neil Oliver,"Studio 68q, Carey lodge, Port Phillip, L7 9SG",+353878886093
Miss Brenda Jackson,"8 Lydia cape, Wilsonmouth, LN2H 1AH",+353879283018
Amy Kay-Hardy,"8 Smith knolls, East Ashleigh, G22 0JE",+353855773272
Dr. Jacqueline Patel,"Flat 99, Patricia port, Smithberg, B1F 1PL",0893938605,Mr.,"Ryan, Roberts and Hall",ZZ242900T
Sean Mahmood,"Flat 64I, Joseph club, South Janet, HX39 1BB",+353891455852
Ms. Tracey Hill,"2 Heather extensions, Port Jeremy, S0 7LW",0833180650,Miss,Martin Group
Mr. Charles Cook,"Studio 28, Hugh camp, Yatesport, JE5W 8DF",0834083569
Ashleigh Jarvis-Hayward,"6 Ward green, East Julia, LE52 5EF",+353878213640,Dr.,Hussain Ltd,ZZ979915T
Chelsea Henderson,"Studio 90G, Green way, North Geoffrey, S2 5BJ",+353838913385
Dr. Lawrence Hunter,"Studio 18, Kim trace, Morleymouth, BD1B 0UX",+353857804336
Dr. Lynda Davey,"Flat 12l, Mitchell bypass, Amandafort, M1K 3SR",+353874374388,Mrs.
Anne Warner-Weston,"Studio 02, O'Sullivan plain, Kerryside, W78 9XF",+353871723449,Dr.
Josh Humphries-Smith,"09 Murray forest, Fordberg, E65 0AU",+353895870488
Wayne Dale,"Studio 1, Lesley row, Carrbury, SR5 2JF",0872744326,Miss
Dr. Norman Hunter,"139 Hayley knolls, New Stuart, M4H 4TY",0853805585
Malcolm Ashton,"Flat 42n, Allen lane, Rhodesborough, DL0A 5RH",+353898879417,Ms.,Davies-Nash
Damian Baker,"Studio 8, Ford heights, South Davidchester, LD75 5YP",0877839153
Sarah Wilkinson,"50 Palmer valleys, South Henry, MK2N 2UF",+353853808296
Dr. Dean Stevens,"Flat 10Q, Carolyn springs, Jonesfort, G9 3ST",+353894569338,Dr.
Jemma Hall,"Studio 07b, Barker estates, Joestad, YO28 0ZW",+353835372593
Teresa Jennings-Davies,"3 Baker well, East Marcusside, E1E 1AA",0835410502
Sam Reed-Read,"4 Thompson lock, North Patriciahaven, WN0W 0QS",0855273654
Stanley Evans,"14 Connor vista, South Shannon, NR3R 2HA",0852595705
Bethany Sutton-Bell,"Flat 08v, Jones hollow, Lake Connorside, S6K 2HN",+353875079661
Kevin Ali-Dawson,"Flat 62, Holmes centers, Lake Alexandrabury, L4F 8DP",0899169334
Chelsea White,"756 Shirley islands, Tuckerborough, N6B 9QZ",+353838918625
Kim Lucas,"Studio 24P, John harbor, Matthewshaven, S61 2WA",+353832822885,Mr.,Walker-Evans,ZZ 23 84 89 T
Gary Foster,"3 Mohammed stream, Lawrenceville, M38 0AB",0876748380
Alexandra Houghton,"82 Leon port, Jeanview, W37 1GS",+353898712022,Mr.,Preston PLC
Dr. Marcus Edwards,"971 Donna ways, Port Shaneville, L89 0WD",0833083515
Peter Murphy,"Flat 05, Roger road, Kateshire, L7D 9WD",0875245320,Mr.
Barry Herbert-Todd,"175 Lucy lodge, East Charleshaven, E6W 9AD",+353838260272,Mr.
Mohammed West,"Flat 07w, Walker streets, West Angela, IP2A 0AY",0879552770,Mrs.
Anne Miah,"25 Marsh road, North Derekshire, DH52 3XE",0896455693
Hugh Dixon,"Studio 7, Gregory loaf, Donaldton, N1 0BZ",0894726229
Mr. Alan Fitzgerald,"Studio 19U, Kevin centers, Bennettmouth, L3 0FN",0874955133
Cameron Watson-Abbott,"859 Smith drive, Jennifertown, B6J 7SR",+353893239345
Dr. Gareth Ward,"227 Watson brook, Brownfort, L39 2HT",+353836155929
Jade Smart-Franklin,"418 Steven mews, Newtonstad, TA39 9LF",+353874045551
Ashley Parsons,"Studio 2, Judith inlet, Smithville, L34 2UD",+353895061880
Garry Ali,"Studio 86, Howells run, Marianfurt, E54 7HS",+353877419753
Carole Norris,"1 Diana islands, Teresamouth, WS5 5BR",+353891571022
Kevin Cole,"16 Dennis ridge, Kellybury, M2C 0PP",0851699593,Mr.
Abbie Williams,"67 Guy lane, South Nathan, RM9 6NG",+353859869589
Mr. Clive Whittaker,"321 Davies orchard, Annaberg, EX5V 5AF",0855634481
Denis Smith-Read,"Flat 1, Williams drives, Port Katie, BR9Y 4BA",+353894104389,Mr.,"Lowe, Bentley and Kaur"
Bryan Jones,"Studio 00, Wood forges, Port Hazel, E5 7RX",+353896511454
Ronald Evans-Bailey,"001 Stevens stream, Charlesport, M0 7EP",0875993634
Abigail Wood-Brown,"Studio 48m, Stevens bridge, Hallshire, NG1 7TS",0879656887
Mr. Patrick Hewitt,"56 Smith crossroad, New David, KY24 8YE",0851521540,Dr.,Harvey and Sons
Dr. Max Whittaker,"Flat 2, Hooper heights, Port Arthur, B83 9PT",0833267674
Derek Herbert-Mills,"587 Mills summit, North Gillian, B3 3DU",0852864494
Philip Lee-Thompson,"8 Raymond well, Shirleymouth, L0G 4HE",0877706587
Susan Yates,"61 Rachel ferry, Louiseside, TR4E 1PQ",0875466294
Geraldine Shah,"Flat 79d, Holland cape, Walshport, M2J 6AQ",+353839243133,Ms.
Mr. Ronald Roberts,"52 Jones locks, Wardborough, G57 2XD",+353855832778,Mr.,"Rogers, Perry and Smith"
Melanie Tucker,"Studio 0, Newman summit, Woodberg, SP04 7BS",0838931864
Dr. Marcus Hargreaves,"Flat 73S, Graeme road, Tomhaven, KA6M 6DW",+353833558726
Ms. Susan Harrison,"47 Bennett roads, Ameliaton, W28 5DQ",+353853082761
Mrs. Sandra Bennett,"76 Coleman glen, Laurenview, CT12 8JA",0857508325
Mr. Ross Hopkins,"04 Bibi track, West Wendy, WS5 1NH",+353875320235
Iain Griffiths,"095 Daniels greens, Lake Ruthland, WV56 9GD",0896935367
Mark Carter,"442 Harrison mills, Damianfurt, S5J 4GT",0835485832,Ms.
Frank Hall,"95 Gough mountain, Williamsontown, E73 4BB",0833135841
Mrs. Jemma Fowler,"4 Cook field, Allanton, B6 6QA",0855223103,Dr.,Cox-Davies
Arthur Williams,"562 Howard prairie, Kentfort, S4H 0QJ",0853212091
Rosemary Davies,"Studio 6, Holly freeway, Harperville, TS5 1ZH",0857676706,Dr.,Reeves Inc
Frederick Murphy,"1 Olivia ways, Brownmouth, W8D 8AA",0851898108
Stacey Brown,"649 Carole vista, South Dylan, W1W 1LD",+353891440707
Mrs. Linda Parsons,"602 Griffiths courts, South Jean, E7D 2TY",0874853932,Ms.
Robin Evans,"10 Deborah point, Janeton, CR7Y 5XU",0833865891
Mrs. Angela O'Neill,"6 Rowe shoals, South Kimberleytown, M4 2GE",0856608117
Henry Hunt,"Flat 34r, Pearson cliffs, West Bryanton, W47 6AP",0858228339
Dr. Jasmine Carey,"Studio 19a, Young mews, Tonybury, M3 4HF",0871016029,Dr.
Rachel Barnes,"Flat 5, Hutchinson manor, Lake Colin, N1A 5DJ",0871683606
Dr. Kirsty Griffiths,"300 Pritchard estate, Stoneburgh, ZE1V 8GJ",+353871922564
Mr. Owen Ali,"Studio 03, Stephen parkway, Sallyport, BB70 2FR",0854638031
Guy Rhodes-Khan,"Flat 34, Amy drives, New Kathleenland, NW7A 4YZ",0853329871,Mr.
Mohammed Fisher,"582 Joanne radial, Charlesmouth, M7J 1YE",+353839684734
Jane Gibbs,"Flat 05, Martin springs, Naylorside, N0 7BT",0858696695,Dr.,Pratt Inc,ZZ 380031 T
Beverley Jackson,"82 Palmer green, Hendersonmouth, ST5 0LG",0895775276
Norman Cole,"Flat 82, Linda village, East Katefurt, CT03 7AN",+353837310374
Dr. Alexander Davies,"Flat 81H, Jenna brooks, West Sophieside, M0 7TE",+353859484511
Duncan Macdonald,"Flat 79, Gray manors, Sheilaland, DG8M 5RZ",0893684972
Tracey Wood,"1 Tomlinson grove, Pamelachester, M3 2LH",0859985501,Mr.,Baldwin-Humphreys,ZZ 00 39 91 T
Dr. George Reynolds,"4 Edward ridge, Stokesview, UB5R 9JJ",0895621905,Dr.
Leslie Jones-Kemp,"01 Harry place, Port Frances, L2 5SL",0833027220,Mr.
Jill White,"6 Amy highway, East Shaunshire, W0 9SU",+353891961626,Dr.,"Harvey, Charlton and Green"
Mr. Billy Patel,"115 Jones vista, Armstrongville, N9 4EW",0873517765,Miss
Anna Hancock,"26 Victoria lock, Clarkmouth, TD3 3TQ",+353831931865
Dr. Catherine Wright,"Studio 85, Yvonne grove, Port Lindseychester, N2 6FQ",0858953630
Mrs. Patricia Frost,"19 Shane rue, Higginsside, M0G 9RQ",0832927776
Heather Roberts,"Studio 97i, Jane greens, Francesview, NW2 9WH",+353872526104
Samantha Gallagher,"2 Ryan stravenue, Masonburgh, E56 1HJ",+353896859390
Molly O'Sullivan,"Flat 4, Shaw centers, Marieberg, B0J 1TH",0876554352,Mrs.
Mark Richards,"Studio 8, Brown cliffs, Rickyview, TS5Y 9TQ",+353856570791
Miss Jodie Rees,"Studio 66Y, Victor harbor, South Jade, WN60 1QN",+353895690724,Dr.
Grace Smith,"06 Gibson ford, West Nicoleview, OL1N 5AR",0879266814
Kate Carroll-Harris,"Flat 43, Brooks knoll, Bankshaven, E65 4NW",0836135366,Miss
Jean Lloyd,"Studio 97E, Ford flats, North Terence, PA92 5PD",0871951949
Raymond Davies-Cook,"Flat 31, Graham lodge, South Helenview, B96 1FB",+353892466186,Dr.
Henry Baker,"819 Wallace divide, Leahland, N7 7GG",+353856940157,Ms.
Suzanne Hart,"Flat 92, Dennis square, Port Phillip, GL3 9DD",0857225695,Dr.,"Waters, Fletcher and Humphreys"
Leonard Parkin-Allen,"Flat 44b, Sophie meadow, Russellberg, N60 5HF",+353855372044,Dr.
Ms. Lynne Norris,"935 Smith causeway, Batesshire, WC81 9NZ",0832111870,Dr.
Mr. John Kirk,"36 Alan fork, North Shaunview, L30 4YB",0839542974,Dr.,Smith-Gallagher
Mohamed Thompson,"2 Alice greens, Louisport, G45 3SL",0873519918,Mrs.
Mrs. Sara Allen,"508 Yvonne court, Garnerbury, N5 7YG",0858673878,Dr.,Thompson-Thompson,ZZ541516T
Carole Wilkinson,"1 Helen walk, New Sophie, E8 6QN",0852093019
Dr. Amanda Morrison,"060 Griffin camp, New Alexfort, PO67 9HQ",0836647481
Julia Herbert,"Studio 77t, Leah crossroad, Thomsonton, RG1X 9NW",0899427026
Miss Marian Ali,"31 Dixon center, Scottfurt, WV6 4UY",+353879733758
Dr. Lindsey Marshall,"5 Smith park, Leachfurt, W1 3UE",0836200455,Mrs.
Dr. Rita Briggs,"288 Carol bridge, East Gavin, NR39 3BS",0859799994
Alex Wilson,"Flat 54, Fry center, Lake Jeffrey, B56 1YG",0899272267,Dr.
Mrs. Jean Tyler,"482 O'Neill parks, Bethanyside, B85 6UW",+353878193320,Mr.,Lee LLC
Philip Johnson-Norman,"82 Cheryl meadows, Bevanmouth, UB94 9EJ",0836184237
Shane Bell,"Studio 1, Megan knoll, West Janet, PO4H 4BD",0839268132
Jonathan Powell,"Flat 9, Katherine heights, New Beth, N02 0FW",+353852297715
Brenda Taylor,"Studio 09g, Clive burg, Nelsonhaven, L00 4BG",+353874735412
Sean Woods,"Studio 49, Carole center, North Geraldmouth, GU5 6PL",+353873363519
Dr. George Steele,"408 Harding courts, Robertsside, W1K 2XE",+353894985505
Ronald Roberts,"Flat 6, Wilson freeway, Robsontown, GL5M 4GP",+353899394318,Ms.
Tony Webster,"Flat 4, Jacob gateway, Nataliemouth, BN3 4ED",+353874571558,Dr.
Angela Evans,"43 Little green, Heathborough, WR7P 3JU",+353855962124
Angela Perkins,"513 Peter plaza, East Georginaton, HP28 3XJ",0871910190,Mr.
Marion Harrison,"8 Fiona rest, Kennethstad, KW8A 0LE",+353879550263
Adrian Steele-Brown,"977 Brian ramp, Port Barbara, BH8Y 8QJ",+353892292988
Roger Andrews,"14 Ben loaf, Parryland, HR43 3QZ",+353835308090,Dr.,Richards-Roberts
Carly Smith,"0 Naomi port, West Jason, L3 8GS",+353832901933,Miss
Ms. Brenda Smart,"632 Frederick underpass, Crawfordfurt, E3F 4BZ",+353837730774,Miss
Jay Butler,"Studio 62q, Jade hollow, Stanleyport, W0A 8LJ",0877481113,Ms.
Adrian Collins,"8 Grant coves, Marshville, TN59 5PG",0871717556
Dr. Trevor Glover,"14 Lewis valley, North Marian, E1 9HE",+353878772074
Carl Porter,"963 Louise ports, Elizabethshire, N51 6JX",+353876839259
Dr. Sean Peters,"8 Joshua court, Port Stephen, BH22 3WZ",+353898204349,Miss,Butcher LLC,ZZ 503506 T
Dr. Dylan Barber,"Flat 56i, Dean village, Farmerfort, TD0 0RN",+353851161181
Georgina Nicholls,"Studio 2, Lorraine extension, Pritchardchester, G4 9AE",0874247036
Dylan Davidson,"730 Brown drives, Harrisonmouth, TQ05 3DF",0871471141,Dr.,Steele and Sons,ZZ923848T
Jennifer Smith,"Studio 40w, Foster circle, Kentchester, BS36 0DR",0833672113,Mrs.
Arthur Anderson,"Flat 7, Lewis burg, Masonmouth, DL10 0TL",+353892057871
Martyn Welch,"31 Cox drive, Edwardsview, W6 1YH",0837916760
Wendy Russell,"432 Thomas orchard, Port Lauramouth, E9B 2BE",+353893626040
Elliott Jackson,"Studio 7, Mason shore, Jonesborough, LN8 5JN",0857115389,Mrs.,Curtis-Preston
Georgia George,"4 Dickinson lane, Port Naomi, PA6 7NR",+353892708493
Jill Miah,"Flat 4, Edward bridge, Taylorstad, L4W 7NL",+353872144746
Lynne Brady,"048 Baldwin fork, Dannyland, DA6Y 7LL",0892404601
Ashley Gough,"4 Adams burgs, West Victoriahaven, DL47 2FN",+353834139003
Lauren Smith,"952 Tina station, Port Robertton, S0S 7TU",+353851153489
Dr. Dennis Nelson,"Flat 89o, Alexander dale, Port Laura, L83 4DJ",0854999072
Gavin Banks-Hargreaves,"Flat 46, Green extension, Laneville, G7K 9EB",0875875511
Naomi Stewart,"Studio 78C, Lee branch, East Cheryl, TA3 0DY",+353855295071
Connor Slater,"238 Gregory motorway, East Carlychester, DN75 9WN",0853842595,Mrs.
Dr. William Atkinson,"Studio 10, Marie rue, Lake Lukeville, G15 9RX",+353838551278
Tom Macdonald,"5 Alan coves, Mathewburgh, W67 8DY",+353839702365
Malcolm Cook-Taylor,"Flat 66H, Alexander groves, Annestad, M8S 7GB",+353838323122,Miss
Colin Shaw,"0 Adams wells, North Eleanorshire, S78 8GN",0898871543,Dr.,Barnett-Allen,ZZ 09 19 84 T
Danielle Chapman,"89 Lauren unions, New Jeremyfort, W8U 7NP",+353879206911,Dr.,Smith Ltd,ZZ 353584 T
Dr. Pauline Dodd,"Flat 87, Phillips lake, Lake Dorothy, L0W 2DL",+353831564752
Mr. Jack Allen,"1 Walker square, Ahmedfurt, M2G 5BB",+353831779029,Mr.,Smith-Murphy,ZZ 677026 T
Jayne Ford,"512 Ingram manor, Hallton, L7 4LS",0852678088
Declan Daly-Reeves,"Studio 17l, Day squares, North Eleanorfurt, SO5 0HJ",+353838593344
Alexander Richardson,"36 Butler pike, New Oliverland, PR0M 2GZ",0872510216
Mrs. Maureen Reid,"Flat 67, Maureen isle, South Samantha, SG0 5XU",+353878392632,Ms.,Hardy Ltd,ZZ204537T
Dr. Ross Shah,"Flat 52, Morton oval, Lake Meganhaven, M08 7FP",0876675047
Mitchell Brookes,"Flat 6, Hollie field, Akhtartown, SR4 0WU",+353873670147,Dr.
Mr. Francis Chandler,"921 Susan prairie, Lake James, BR89 8NX",+353852030566,Dr.,Robinson Group,ZZ 80 57 80 T
Dr. Martin Harding,"Flat 68, Kim square, O'Neillchester, SK48 7PG",+353879331349
Dr. Margaret Day,"4 Bishop lock, Charlestown, SN7A 5XJ",0837774401
Roger Bennett,"Flat 87u, Ellis estates, East Donna, HU3 2ND",0898198826,Mr.,Thomas-Hill
Kelly Wilson,"3 Lewis radial, New Anthonybury, WN3 9RY",0859708365
Caroline Miller,"Studio 10l, Nicola pike, Lake Janice, NW41 2ES",0836432163
Jeffrey Baker-Jones,"Flat 46H, Taylor river, New Jodie, IG9 6HD",0835846661,Miss
Danny Cox,"410 Bruce road, Leonardside, S05 0ZS",+353857605405,Dr.
Dr. Joan Smith,"41 Nathan canyon, South Kieranmouth, KY15 5AZ",+353832684470,Dr.,Thompson PLC
Michelle Cook,"Flat 5, Gordon streets, Maxshire, SS3X 5QD",0878179199,Mrs.,Hall and Sons,ZZ 18 23 41 T
Joan Stevens,"8 Harvey junction, South Edwardstad, GU89 2JY",0872088885,Mrs.
Miss Pamela Wood,"Flat 4, Shaun course, West Duncan, DY2A 7UD",0851313783
Annette Sutton,"Studio 63, Wendy landing, South Donaldville, S31 3HW",+353895436587
Kim Taylor,"0 Daniel circles, East Wendychester, SO44 5DE",0854595139
Henry Elliott,"07 John well, Yvonneland, SY5B 0BD",0834427467
Danielle Hawkins,"Flat 1, Jeffrey island, North Jemma, B57 8NY",+353853920444
Barry McKenzie,"Flat 58d, Iain brook, Rhysstad, OX5 0DS",+353856786549
Mr. Nathan McLean,"Studio 70z, Cameron terrace, South Stanley, WV5 1BR",0871154686,Miss
Dr. Jamie Davies,"Flat 28, Molly corners, South Howard, G7 1HP",+353854426955
Julie Ferguson,"Flat 99U, Frederick viaduct, Junefort, TR56 7FT",+353893058244,Miss
Dr. Joseph Stokes,"Studio 89N, Power ports, West Wendy, DT47 3RT",0856462728
Carole Smith,"Flat 89, Johnson pass, Port Markhaven, SE22 9QF",+353879256115
Clifford Griffin,"98 Karl divide, Wattsbury, E8J 8TF",0857252663,Dr.
Jamie Sims,"36 Russell walk, South Frederick, M4S 8PW",0877708549
Geraldine Jackson-Barnett,"20 Edwards forge, New Geraldine, TD68 7XE",+353859819293
Mr. Jacob King,"Flat 5, Frederick union, Christinestad, PO1 6XG",0898882812,Mr.,"Hawkins, Graham and Jenkins"
Georgina Clarke,"Studio 39l, Hussain mountain, Ritaport, EN93 2XU",+353856912051,Mrs.
Sylvia Horton,"01 Valerie well, Brennanfurt, TF3N 9JW",+353855497025,Dr.
Robin Kelly,"Flat 79w, Day street, East Jillberg, W0U 1WX",0896618768,Mr.,"Browne, Davidson and Wade"
Mr. Stewart Jackson,"Studio 39, Justin valley, Burgessmouth, L58 2WQ",+353894415609,Dr.
Charlie Watson,"Flat 01, Anna camp, South Lynne, L4 7FH",+353899294108
Ruth Davis,"60 Singh route, Janetborough, B89 9ZE",+353874875648
Terry Woods-Mills,"681 Kevin street, Hancockfurt, CV79 6HS",+353878366342
Sophie Barrett-Jones,"3 Charlotte bypass, West Nathanside, BA98 4NE",0871024520,Mr.
Jay Allen-Ward,"Studio 2, Charles mountain, North Gailmouth, LN8 5PH",+353896061098,Dr.
Lynda Fowler,"Flat 8, Wilkinson inlet, Clarkfort, SN3N 3SP",+353871037042,Mr.
Geraldine Wells,"Flat 5, Peter stravenue, Joshhaven, B06 8ET",0894585426
Allan Wheeler,"723 Connor glen, South John, SR7 2GA",0896553939,Dr.
Grace King,"Flat 01X, William keys, Jameshaven, LE1 1HD",+353878001231
Mrs. Andrea Scott,"5 Green coves, Port Teresa, S3A 0RG",+353835458741,Mr.
Mr. Maurice Stephenson,"7 Justin ports, North Ameliatown, M35 1JL",0875185920
Ashleigh Kelly,"Flat 59, Leah expressway, Lake Lewis, L8 2PR",0893097076
Mitchell Phillips-Short,"0 Patricia port, Alexbury, N9 7WX",0853785876
Gemma Williams,"71 Davidson road, Port Dennisborough, SA3A 2WZ",0839919611
Miss Elaine Harrison,"10 Stephen tunnel, Harrisonberg, LS99 7FA",+353852277620,Miss
Jessica Payne-Davies,"710 Morris key, Margaretberg, LN0 2QQ",0898853632
Amber Morris-Evans,"Studio 68, Law valley, Joanton, PR77 5PD",+353877787260
Dr. Glenn Robinson,"470 Palmer divide, Port Leonardstad, W34 8EA",0857017012
Abdul Powell,"41 Stevens camp, Burgessfurt, L31 8TR",0898820016
Ms. June Murphy,"Studio 7, Wright groves, Port Dawnside, DA4 0QJ",0897833712
Robert Byrne-Howell,"Studio 5, Maureen gateway, Port Dale, W29 7NN",0875512638
Paige Bishop-Doherty,"5 Francis pines, West Kennethmouth, G17 3TN",+353855989484,Dr.,Russell-Griffiths
Marie Watson,"Studio 87P, Young ford, Andersonfurt, KY1X 8UP",+353854376428,Mr.
Mr. William Adams,"4 Brown lock, Jacobburgh, WC1N 0UZ",+353832887713
Hannah Stone,"Flat 34, Jones court, Maxport, TW5A 1LE",+353892734428,Dr.
Mrs. Bethan Hart,"08 Nicholas green, Lake Joannechester, E51 9EJ",+353894166214,Mr.,Day-Smith,ZZ183471T
Jessica Palmer,"Flat 9, Brown route, Rosemaryburgh, KT4E 7AU",+353857934706,Dr.
Ms. Angela Farrell,"1 Norman circles, Tylerfurt, BB0P 7PL",+353837047461
Sharon Newton,"716 James heights, New Henryfurt, NN8 7SR",+353876158843
Miss Denise Douglas,"Studio 86a, Oliver station, Hollandview, PE9 6WY",+353835053425
Elizabeth Smith,"Flat 13p, Mark road, Donaldport, S5H 7PQ",0872208921,Dr.
Anna Whitehead-Wood,"0 Thompson keys, Port Philip, E1S 6DA",0895543312
Dominic Parker-Turner,"Studio 50d, Amanda expressway, West Deborah, GU44 9SJ",+353856100135,Mr.
Dr. Hilary Finch,"127 Clark oval, Port Brettfurt, BB0X 3HB",+353853396837,Dr.,"Bennett, Reed and Hill",ZZ042430T
Denis Lloyd,"9 Terry inlet, Kellybury, SW54 7JH",+353837539624,Dr.
Deborah Bruce,"2 Steven plains, New Kirsty, S1C 0ZS",+353852815030
Lesley Turner,"14 Smith ranch, Elliottview, WR32 4BS",+353851096968
Lucy Mills,"902 Neil ranch, Robertview, BT9 1GF",0899836121
Donna Williams,"572 Dawn fort, South Dominicview, BD2A 4DW",0835760377
Mrs. Naomi Thomas,"Flat 7, Jane lodge, Hodgsonmouth, EH3N 3HY",0855957609
Graham Bentley-Mason,"Flat 62V, Victor branch, Thomasview, CO3W 5NW",+353857389495
Dale Smith,"Flat 0, Gemma key, Kellyfort, DA7M 7AF",+353859398330,Dr.,"Davies, Hicks and Evans",ZZ 055063 T
Joseph Gibson,"Studio 52b, Smith meadows, South Jamie, W3W 1NJ",+353893804897
Ricky Thompson,"Flat 6, Crawford shore, Grantburgh, G2 6SS",0834315562
Miss Beth Mistry,"Studio 08I, Billy village, Jasonmouth, RG29 4NS",+353893626878,Ms.
Neil Brookes,"94 Cheryl avenue, Port Charlesville, S6 3RW",+353855909195
Mary Phillips,"199 Mohammad canyon, Lewisland, B19 3UF",0892429839
Katy Davies-Chamberlain,"Studio 5, Beverley fall, Daveyborough, AB7E 8PA",+353832559904
George Day-Johnston,"Flat 61d, Kay centers, Kennethtown, L40 8SD",+353896368479
Julian Edwards,"577 Henderson ways, Coxmouth, LS5 3YX",0896087945
Cheryl Thomas-Hurst,"6 Skinner bypass, West Jennatown, BT32 3LB",0837144893
Deborah Hart-Hilton,"53 Colin ferry, Lake Stewart, WC76 0NA",0833985937
Mrs. Kathleen Hunt,"7 Howells land, Kellyshire, ZE5 5DX",0833403038
Connor Walters,"Studio 41m, Howard alley, South Phillip, AB3N 0YJ",+353877661564,Mr.
Ann Clarke,"Flat 0, Johnson freeway, Port Christianport, SS5 5EH",0878414228,Mr.
Natasha Morris,"Flat 9, Jessica mill, New Stewartport, LU6E 0LS",+353851219251
Leah Lee,"Studio 74L, Max street, Mariantown, MK6X 8YF",0856464623
Beth Pearson,"Flat 11, Steven mill, Hussainmouth, CA7B 6ZU",+353851042224,Dr.,"Howard, Lee and Martin"
Sam Hicks,"Flat 9, Francis alley, Martinville, NG08 9EF",+353891259693
Chloe Dawson-Scott,"55 Clifford centers, Port Lawrence, GY43 1AW",0858388146
Yvonne Stevenson,"Studio 44l, Davis ways, Henryburgh, RH38 9ZY",+353853038353
Rosemary Griffiths-Benson,"5 Tom forks, Barkerland, PE6P 0JH",+353856946374
Ashley Wilson-Farmer,"4 Glenn springs, North Angelastad, G4E 7TP",0894970674
Mr. Tony Mahmood,"971 Rita tunnel, Lewisburgh, FK07 1XF",0857841498
Douglas Watts,"23 Terry way, East Michael, N7 9XE",0892924710,Mr.
Dr. Clare Khan,"192 Graham crossroad, Rileyport, ML00 7WR",+353851831362
Charlotte Bell,"70 Katie point, Albertton, NW4V 5SN",0877063472,Mr.,Bentley-Holt
Kim Ellis,"Studio 88b, Lewis extension, New Cherylfort, AL6 3LU",0833023026
Miss Carolyn Edwards,"074 Coleman lodge, Lake Zoeton, M6D 6QD",+353891917482
Dr. Leslie Kirk,"Studio 11, Mandy points, Wilkinsonhaven, DG1N 6EA",0835529425
Patricia Cox,"Studio 16q, Turner river, West Leslie, WN5R 9GW",+353871601525,Ms.
Mr. Neil Coleman,"Studio 88, Joanne terrace, Loweland, W50 6DA",+353839745434
Lindsey Price,"610 Henry plaza, Port Rachael, SM1 5FF",0894656578,Dr.
Kimberley Russell,"Studio 1, Lucy spurs, Parkesborough, S7 6GE",0831950002,Dr.,Evans-Abbott
Timothy Patel,"79 Heath station, Nicholashaven, WR1Y 5NU",+353892376019
Mr. Aaron Moore,"Flat 40o, Ellis dam, Greenmouth, DA9W 3PL",+353898593517
Brian Simpson,"53 Foster station, Yatesfort, BT10 0HP",0854346604,Mr.,Wilkinson LLC,ZZ 64 79 08 T
Matthew Richardson,"Studio 0, Joe plaza, Port Jasonbury, LL0 4JB",+353877173886
Mrs. Rebecca Greenwood,"8 O'Connor brooks, Howeport, S60 0RT",0896210431,Mr.
Debra Lee,"Studio 2, Byrne well, North Annemouth, M79 7ST",0877713353
Oliver Smith,"734 Fuller key, Jillland, G5G 4ZF",+353854832885
Dr. Glenn Ward,"Flat 72, Linda islands, Dixonstad, DA7W 1SN",+353897645241,Mrs.
Bethany Webb,"Flat 29, Hughes lodge, Lake Helen, G86 9XZ",+353858478222,Dr.,Harding-Lewis,ZZ 33 21 95 T
Nathan Fisher,"Flat 43K, Lee vista, Port Dylan, TA2 2TG",+353852450179,Mr.,Ellis-Evans,ZZ 62 98 95 T
Dr. Frederick Hammond,"Flat 2, Gemma fields, Tomview, W0 6PQ",+353896874781,Mr.,Cook Inc
Brenda Dean,"Flat 81I, Smith square, Vincentbury, GL4H 5ER",0854847408
Jean Chapman-Matthews,"977 Mason pine, Taylorville, B58 7TE",+353834365657,Ms.
Terry Bond,"982 Glenn path, Port Benjamin, S6A 3GA",0835376156
Geraldine Lloyd-Cooper,"4 Archer crossing, Alexmouth, OX1 2YR",+353899952874
Anne Watson,"7 Alice oval, Gemmaburgh, W0 2RS",+353836333339,Miss
Ms. Hollie Shaw,"5 Watson cliff, O'Neillton, TQ08 3NG",0873778765,Dr.,"Cooper, Cox and Mitchell",ZZ 861968 T
Sean Mitchell,"3 Collins inlet, Lake Hilary, IM3X 3GS",+353857753155,Ms.
Sara Sutton,"Studio 77, Gerard way, West Russell, DN0 6LA",0856305425
Terry Parkin,"1 Abdul ways, Doddmouth, N49 2RN",+353835891224
Carole Rees,"192 Julie inlet, Port Paultown, GL9X 2HE",+353837722965
Mr. Philip Coles,"022 Simon plaza, South Joanmouth, CM2B 7ZQ",+353878134222
Kyle Morris,"Flat 6, Smith village, Rossstad, PR4 4ZA",0832737311
Mr. Simon Dean,"Flat 46, Scott shore, West Robintown, BL8W 7PE",+353836186155,Miss,Turner-Smith,ZZ 18 31 11 T
Tony Nelson,"61 Katherine drives, Johnsonville, PO0A 5HB",0895661026,Ms.
Donald Parry,"2 Thomas springs, Sharpeborough, G94 2LB",+353896462255
Ms. Joanna Gould,"Studio 8, Sam loop, East Abdul, N0G 0FS",0839163664,Mr.,Griffiths-Jenkins,ZZ 17 18 05 T
Charlotte Pearce,"Flat 32, Hughes path, West Lyndafort, L1 9ER",0871064460,Ms.
Marian Smith-Spencer,"Flat 64J, Hanson shores, New Kirstymouth, W02 2YD",0853074010,Dr.,Humphries-Abbott
Anthony Farrell,"Studio 1, Elaine mountains, Lake Karl, L1 0HY",0834093114,Mr.
Ashley Wilson,"Studio 4, Lee mount, Royville, N6J 3EG",+353857933198
Miss Megan Riley,"Flat 24, Norman plaza, East Jay, WS53 0XH",0893917106
Catherine Green,"88 Smith circle, Collinsview, SP1 0US",0879592561,Dr.,Webb-Brown
Martyn Williams,"Flat 2, Payne flats, Port Rosemary, W2T 1LD",0835804939,Ms.
Carol Kent,"5 Patricia plains, North Marionborough, L37 4LT",+353857232351,Mr.,O'Sullivan LLC
Dr. Marcus Fletcher,"Flat 3, Yvonne river, Evansburgh, B3 9QB",+353875547369,Ms.,Wilson-Hall
Gregory Douglas,"810 Stanley plaza, Pottsshire, L90 9EE",+353879694544
Dean Morley,"Flat 2, Glen ports, Catherineburgh, B3K 0AU",+353854122030
Craig Brown,"Studio 2, Jean trace, West Albert, HD16 2JY",0871072436,Ms.
George Hawkins,"45 Sarah highway, Archermouth, L1U 4LB",+353876625611,Miss,"Roberts, Farmer and Bird",ZZ 51 20 16 T
Lucy Hodgson,"03 Gary landing, Coxtown, EH2M 7AS",+353831163793
Elliott Williams,"857 Watson estates, Scottton, SY56 5AX",0833174917
Christine Hall,"600 Clive brooks, Lake Tina, PR60 6FN",0833058929
Ms. Melanie Barnes,"2 Kerry prairie, North Joeltown, W5J 0GA",0836258170,Dr.,Hanson Inc
Mrs. Amanda Walker,"Flat 2, Harrison forges, New Adrian, E24 4EL",+353832598953
Rhys Mitchell-Oliver,"Flat 03, Clarke flat, Abbieborough, PL3 8WD",0834639583
Kenneth Ward,"Flat 3, Thomas circle, Port Jake, KT1V 7DF",+353837622479
Carl Parker,"Flat 6, Wendy mall, Donnellybury, KY7X 2QZ",+353899103356,Mr.
Victoria Taylor,"Studio 55, Francis route, Brucestad, E5 2BX",+353836179285
Dr. Marcus James,"21 Gibbs hollow, Lake Janet, NG6R 2EF",0879345410
Cheryl Macdonald,"1 Holmes shoal, Rhodeston, RH8W 1EF",+353871077031
Denis Rhodes,"819 Jennifer spurs, Houghtonfurt, N4 1HL",0897005220,Mrs.,"Blake, Jones and Parry"
Kerry Lee-Barnes,"Flat 01, Raymond glen, Lake Sheila, M2 9PB",+353897763246
Mr. Malcolm Mistry,"Studio 98, Hall street, New Amberstad, FK9 7EW",0891238677
Ross Vincent,"Flat 1, Price squares, West Neil, UB09 8SU",0854132096,Dr.
Mandy Davies,"10 Thomas via, East Hayley, W1A 6FD",+353838194449
Mr. Denis Mason,"98 Jordan circle, Curtisshire, G5H 9WY",0874803092
Garry Davison,"241 Jamie dam, East Annette, W3K 0RU",+353831966246
Cheryl Taylor,"85 Norman crescent, Port Dennismouth, M3S 5ZZ",0831708697,Ms.
Sophie Sims-Shaw,"Flat 2, Gray unions, South Caroline, G2 3GF",+353835588708
Mark Shah,"Flat 32, Fox courts, North Sallystad, S0 2JH",+353834304632
Toby Ryan-Nash,"1 Dean stravenue, Harristown, SS1 9QX",+353879580839,Dr.,Begum-Davis
Ms. Catherine Thompson,"Studio 41, Irene coves, Lake Adrian, L7 6BW",0832110657
Miss Jayne Stevenson,"3 Allan parkway, East Glen, N2 8YZ",0857916405
Eileen Cameron-Harvey,"6 David lakes, Owenchester, NN33 5SD",+353852353379,Mrs.
Clare Warren,"805 Ward ranch, North Victoria, NW32 9JA",+353833074591
Timothy Russell,"Flat 9, Terry skyway, South Kirstyshire, PL2 3BS",+353897990150
Jeremy Phillips,"95 Kathleen track, New Rachaelmouth, SR8R 6LH",0891269723,Dr.
Mr. Jamie Harrison,"920 Holloway meadow, Hollyview, TR8R 6JS",+353835160995
Sharon Sheppard,"Flat 15, Ricky highway, East Lynnland, TW75 9WN",+353832704119
Martin Hill,"Flat 86, Clarke corners, Lanefurt, LE0E 8JP",0871233205
David Jones,"Flat 7, Ward rapid, Julianfort, SA5 4JQ",+353839021671,Dr.,Kaur Group
Barry Taylor-Griffiths,"Studio 4, Mitchell knolls, Guyville, CW2M 4XX",0853842462
Mr. Lee Lee,"Flat 23N, Sally place, New Bradleyview, HX91 8HS",0891458899,Dr.
Dr. Maureen Robinson,"Studio 7, Paula pines, West Robertbury, IP8 1AR",+353872669843
Susan Wong,"Studio 29W, Watts ferry, Berrytown, W7F 4GR",+353834909843
Alex Heath,"63 Gary place, Melanietown, DT9H 6UN",0891911829
Mathew Duffy,"Flat 7, Carole junctions, Jasonmouth, G8 9WZ",0839906630,Miss
Paula Hudson,"Studio 2, Brian route, Lake Alicechester, GU6 5UP",+353854930977,Ms.
Kirsty Williams,"Studio 24, Burns square, Lake Megan, SW5Y 8TT",+353835735759
Danielle Payne,"Flat 7, Albert stream, Junemouth, G6G 0QA",+353892723997,Mr.
Jay Sutton-Thompson,"15 Lewis row, Katiebury, NR97 8AP",0873412376,Dr.
Sharon Gallagher,"318 Foster plaza, Phillipsside, B90 0UU",0836600374
Abigail Ingram,"87 Kirsty park, Morganmouth, S0G 4DN",0877964138
Ellie Patel,"480 Lewis freeway, Brownshire, LD0 7EA",0836447279,Mrs.,"James, Grant and Chan"
Sam Henderson,"Flat 21, Connor passage, East Rachaelstad, M2 0QD",0876994690
Samuel Abbott,"7 Scott spring, Lynnton, B4 2AP",+353854444202
Pauline Morris-Moss,"Studio 08, Bentley rue, Paulineton, S7 3FT",+353839489711
Damien Baker,"6 Smith vista, Cookfurt, M0S 2RF",0877969815
Trevor Taylor,"413 Cox ports, Davidburgh, LN6N 1LZ",+353871052656
Beth Kaur,"47 Abigail parkway, Geraldport, L8C 3AE",0875812135,Dr.,"Hutchinson, Sullivan and Ward"
Suzanne Rose,"Studio 7, Weston hills, Lake Nigel, W1 1JE",+353833098907,Mr.,"Jones, Harris and White",ZZ 33 35 10 T
Mr. George Johnson,"Studio 32B, Hill parkways, West Shirleymouth, M0 0SH",+353854281616
Kirsty Thompson,"09 Young lake, New Jacobborough, BL0 1BZ",0851874531
Mr. Brandon Gough,"04 Jones junctions, Ameliaview, S9W 2TE",+353891097526
Bruce Marshall,"Flat 4, Edward keys, North Benmouth, N0 6NH",+353896993570
Ms. June Lambert,"Studio 02s, Jane court, South Charliebury, L50 5QR",+353876786824,Ms.
Dr. Gareth Khan,"Flat 89, Kimberley port, Woodsmouth, JE5 5XJ",0876605631,Ms.
Mr. Graeme Turner,"Flat 73W, Declan mills, South Jessicaville, IG7R 6YL",0893849117
Joyce Barry,"Studio 93O, Colin dale, Nigelmouth, EC9 3FD",+353898345726,Dr.
Anne Brooks,"Studio 20, Catherine meadows, Carolfurt, W20 8AF",+353891656384
Guy Williams,"Flat 9, Amanda camp, East Kylemouth, N2F 3ZB",+353876431178
Douglas Stone,"Flat 9, Marion camp, East Simon, M9 3JP",+353838028134
Darren Stevens,"91 Connolly lake, Andersonville, HR85 1SH",0857506231
Megan Carr,"Studio 41, Elliott courts, South Karl, G71 2ED",+353895611030
Francis Wilkinson,"63 Lauren mall, Rogersmouth, BT8A 4NH",+353895839174,Dr.,Hughes Ltd
Michelle Cooper,"05 Wilson ramp, East Garyborough, S68 9GL",0878942233,Dr.,"Davis, Smith and Carter"
Dr. Tony Owen,"428 Brian mountains, East Mohammad, SG4E 6PL",0875876699
Lewis Davies,"Studio 13, Wade plaza, Emmafort, CB9B 9AQ",0857399874
Dr. Ashley Stone,"Flat 53t, Lamb springs, Jasonhaven, YO43 4YE",0854243756
Gillian Ali,"Flat 58, Katy haven, Jeanstad, BS71 9ZY",0894365228,Ms.
Holly Hussain,"55 Hayes village, West Thomas, PO8 0NQ",+353892020196,Ms.,Smith and Sons
Dr. Leanne Thomas,"Studio 05U, Katherine crescent, Shannonstad, BD4P 9SG",+353893462866
Ms. Dawn Kerr,"Studio 49, Alice spur, New Lewis, G7 9YL",0856085430
Mr. Mohammed Price,"Flat 1, Singh knoll, Robinsonside, E8C 6JT",0878514523
Dr. Aimee Lowe,"182 Jackson vista, East Rickyfurt, HA7Y 2ST",+353852898602
Miss Suzanne Morrison,"Studio 76T, Trevor light, East Ellieshire, PL8 3SX",+353893794696
Dr. Chelsea Mellor,"90 Maureen mountain, Jeffreyfort, BH5 2SR",+353872019084
Sam Cook,"Studio 6, Parkes cove, South Beverley, S5B 5FG",0896070072,Mr.,Barnes-Gregory,ZZ 340590 T
Dr. Julia Chambers,"Studio 6, Natalie overpass, Burnsfort, N4J 8RX",+353833844656,Mrs.
Shane Simpson,"28 Abbott summit, Declantown, N6B 3JU",+353836606747,Mr.
Beth Harvey,"Studio 03, Timothy fall, North Jeremy, EH6 8YW",0894505641
Gareth Mitchell,"Studio 81J, Henry vista, Jillberg, G94 1DT",+353895992658
Gerald Fitzgerald,"Studio 89, Peter pines, Sinclairchester, G5S 7PW",0832958117,Miss
Carole Osborne-Thorpe,"Studio 94b, Graham corners, East Jasminehaven, MK6 6NQ",+353839290698,Dr.
Shaun Thompson-Lord,"Flat 9, Jane path, Baileyside, SM1 6NX",0893485176,Dr.
Geoffrey May,"Flat 5, Smith coves, West Heathermouth, N30 9QF",+353853092611,Mr.,"Flynn, Dixon and Mitchell"
Heather Thomas,"Flat 5, Welch squares, Lydiamouth, N49 8PE",0899257650
Graham Long-Lloyd,"50 Arthur summit, South Aliceville, EX7 5FE",+353834779223
Roger Green-Davison,"887 Little rapid, New Georgina, WF7 8HG",0879090455,Miss
Mr. Adam Wood,"86 Kaur lodge, Traceyland, TA5 1ZS",0891013056
Ms. Valerie Stewart,"Studio 3, Stevenson plains, Loweburgh, DN7 5DA",+353851026649,Mrs.
Mr. Mohammed Jackson,"667 Martin dam, Richardsville, G5 6QG",0892223104
Lynn Hayes,"Flat 6, Joseph key, North Francesca, ML94 7QE",0896626356
Jordan Rogers,"Flat 27J, Ellie points, Hawkinsbury, PA2 3GE",+353852811066,Miss,Slater Inc
Catherine Cooper,"Flat 7, Hopkins islands, North Jacob, HR7E 8SL",0873139258,Mr.
Dr. John Day,"Flat 46, Collins rest, Port Anna, W7 0RD",+353834172277
Keith Holland-Burke,"2 Charlotte mountain, South Scotttown, TF7 9RY",+353851970574
Dr. Carol Heath,"Flat 74, Porter oval, New Mathewberg, N8C 8BU",+353853117864
Oliver Hawkins,"93 Jones point, North Francesca, W72 8FL",+353891391864
Julia Harris,"Flat 49, Geoffrey trace, Port Callum, B43 1DG",+353853658280
Henry Reed-Gibbs,"Flat 74, Jason harbors, Bondtown, WS4W 3XS",+353851498707
Dr. Bernard Fleming,"314 Price forest, Louiston, M90 6NS",0839317439
Kayleigh Sharpe,"539 Davies park, Jeanmouth, WA1Y 0WD",+353895695490,Miss,Roberts PLC
Connor Lamb,"Flat 22M, Ruth view, East Joshuaton, CR60 9QG",0838866494
Gary Smith,"6 Jade mall, Lesliemouth, WR18 3AW",+353852645396
Miss Sally Brooks,"Flat 87f, Hughes villages, South Leahbury, DE8 7PT",0837237933
Simon Knowles,"76 Curtis harbors, Cooperchester, G0J 8FE",0853197793
Stewart Miller,"27 Osborne lake, Hutchinsonton, E8 4QZ",+353858586864,Dr.
Bruce Bray,"3 Barbara locks, South Lyndastad, W3 1XG",0894452239
Dr. Leonard Dobson,"Flat 73r, Max streets, New Lindseystad, DH00 2TF",+353878207002
Eric Tyler,"665 Chambers coves, New Holly, B45 1GY",+353853100779,Dr.,Stephens LLC
Eleanor Ashton,"076 Griffiths drives, Lake Ameliaside, N33 3LY",0835326692,Mr.
Denis Cooper-Jones,"81 Wilson rest, Singhfort, N93 7TZ",0872276614
Marion Edwards-Sharp,"684 Barker crossing, Conorburgh, CH2N 4ZR",+353894031048
Christopher Coates-Dean,"4 Jill plains, Port Tracy, N0 8US",+353836324918,Dr.
Josh Dixon,"Studio 91L, Michael flat, Lake Francesland, L69 6NL",0839022286
Ashley Miah,"2 Hawkins hollow, Carolinechester, S4B 0QR",0853293684
Leah Berry,"62 Kevin village, North Carol, L58 2TD",+353853462255
Amy Pugh,"Studio 0, Boyle plain, Trevorville, ME57 4WJ",+353874502481,Mrs.
Russell Williams,"8 Ricky dam, Roweberg, ME1 0ZX",+353878789655
Heather Russell,"Flat 78c, Kyle mountain, North Duncanhaven, JE5 5XQ",+353877668885
Scott Summers-Francis,"Studio 3, Thomas drives, Aliview, B36 1GQ",0859850631
Ms. Valerie Dunn,"624 Cooke knolls, South Sarahside, M99 8FJ",0898167716
Mr. Jonathan Short,"74 Lee ranch, West Vincent, BL3Y 0SB",+353897141106,Dr.
Dean Ashton,"Studio 8, Cole point, Declanshire, L9 6QP",+353898679168,Mr.
Natasha Moore-Thornton,"Studio 72e, Andrew pike, East Michelletown, E2 8PW",+353839178960,Miss
Danny Todd,"8 Finch shores, Lynneberg, G27 5UJ",0838233860,Dr.
Victoria Murphy,"Flat 7, Lynn spurs, Humphriesfort, IM59 9DD",+353837882743,Mrs.,Jones-Martin,ZZ 26 87 66 T
Stanley Davies,"Flat 36H, Thomas coves, North Martin, B3C 4BF",0857830371
Katie Turner,"Flat 70d, Anthony spur, Adrianbury, WV3 4QG",0893588924
Yvonne Barker,"Studio 7, Pearce park, Lisabury, E4F 8PH",0852275015,Mr.,"Cunningham, Henry and Hall",ZZ 78 08 86 T
Glen Hartley,"Flat 58c, Jones route, South Brenda, KW0 2TE",0875414763,Dr.,Rogers Inc
Victor Stone-Yates,"289 Carl fords, Natashamouth, JE0 5EL",+353873497761,Dr.
Eileen Jones,"0 Miller terrace, West Josephton, EX4 6AN",0871237991,Dr.
Shane Stewart,"5 Shane extensions, Suttonland, B2 8LA",0892612197,Mrs.,Short-Jones
Mr. Phillip Mellor,"Studio 30t, Norman square, Amberton, M1F 2FX",+353892705893
Mr. Elliot Mason,"Flat 53T, Nicola brook, Lake Laurastad, N0 9PG",+353898077286,Mr.
Dr. Mohammed Lambert,"153 Davies forks, South Sianland, L8H 1NB",0838477468,Ms.
Mr. Leonard Morris,"Flat 40I, Glen oval, Mitchellport, PE5 0SA",+353851086346
Mark Ellis,"650 Leach rue, Evansborough, NP62 6NX",+353875725053,Mr.
Mr. Jeremy Parsons,"6 Burton loop, Kerrhaven, WN90 2YA",0836360839
Jemma Wood,"07 Cole via, Kennethmouth, CM6 8AE",0898778409,Ms.
Kim Stevens,"Flat 78, Holly creek, Joeburgh, KT1 3HP",0855266512,Dr.
Denis Murray-Robinson,"623 Bell ridges, Kierantown, N94 2QH",0877144275
Dr. Josephine Charlton,"Studio 5, Pearson motorway, New Julia, E54 3SH",+353897933353,Dr.
Ms. Lucy Kent,"Studio 05I, Jake views, Wallaceville, DH3 7HD",0898752869
Mr. Marcus Smith,"Flat 80, Hicks camp, Curtisview, S1 9XE",0854577656,Mr.,Jackson LLC
Kenneth Pearce,"Studio 5, Smith rest, Begumland, E62 2SP",0893037820
Dr. Georgia Fox,"Flat 0, Gray fort, Harrisonhaven, DT04 5GF",+353871451245
Megan Douglas,"Flat 03n, Cook avenue, Lake Emily, G77 2SU",0891744829,Ms.
Ashley Chambers,"9 Hawkins spring, Parkershire, E7 2WW",+353896202427
Dr. Sean Turner,"2 Maureen freeway, Wyattbury, B4H 6TZ",0855179041
Keith Tomlinson,"Flat 39, Gordon knoll, Begummouth, GU7 5ZS",+353855512247
Marian Payne,"Studio 53R, Jamie centers, North Rosemaryhaven, W2T 1RW",+353875264047
Mrs. Clare Gilbert,"Studio 2, Smith prairie, East Jessica, SP8Y 0UG",0879446958,Mr.
Sally Allen,"843 Jacob expressway, Maureenton, L9 3DP",0832311374
Justin Collins-Ward,"108 Georgina motorway, South Glen, TD25 7GA",0876450508
Paige Page,"904 Tom lakes, Charlesside, N5D 0AY",+353856539724,Mr.
Beth Yates,"30 Ronald extension, Duncanbury, B96 0FE",+353875343909,Mr.
Mr. Connor Wilson,"Flat 2, Jacqueline viaduct, Joannafurt, GU2B 4TJ",0893912001
Duncan Lamb-Hanson,"Flat 40i, Cox radial, Nigeltown, WA3A 9XY",+353853505115,Dr.,"Brown, Stevens and Jones"
Gail Davies,"Flat 23, Carter bypass, East Jennifer, NP8W 8PH",+353879946678
Katherine Cooper-Harrison,"63 Nicole road, West James, G2 1BD",0873964100
Pamela Fleming,"Flat 08l, Clark cliff, Mandyport, HX4 5DB",+353836196685
Mrs. Georgina Young,"Flat 3, Lee meadow, Alisonshire, N8F 7TF",0855488200
Stanley Grant-Grant,"Studio 62, Jonathan road, Wrighttown, B3 0WS",+353873896365
Steven Harrison,"58 Hill union, Wilkinschester, NN3N 4NX",+353899660449
Mr. Anthony Elliott,"66 Mohammed extensions, Vaughanburgh, DN8 3TL",+353859174599
Alan Ellis,"Studio 20W, Wheeler junctions, Harrisontown, PH1Y 3DX",+353837607934
Jean Roberts,"Flat 40X, Laura bypass, Jeffreyport, CB8 5PD",+353873793877,Dr.
Catherine Bell,"08 Cooper mews, Jonestown, M4B 0PU",0833623787
Mrs. Sally Roberts,"Studio 4, Perry camp, East Joannafurt, B0 7HW",+353854880394
Dr. Owen Black,"08 Gail field, North Robin, BH3 7XE",0853637224
Miss Lynda Jackson,"Studio 53, Wall vista, Norrisburgh, ML4 4ER",+353891504171
Fiona Richardson,"Studio 41I, Bentley locks, Lake Owen, FY28 0PS",0837157311
Dr. Terry Slater,"6 Porter course, Port Stewart, G6 9NR",0879694156,Dr.
Dr. Joe Jones,"Flat 82, Reece walks, North Rogershire, NR45 7FX",+353831046010
Dr. Melanie Blake,"44 Dorothy parkway, Jonesside, W6 1RL",0854067460
Paige King,"284 Victor spur, Byrnestad, BH13 1LE",0873499464
Benjamin Lowe-Hooper,"Studio 54, Barbara loaf, New Carly, B4 4BX",+353852064866
Dennis Sanders,"525 Sharon trace, Burrowsside, GY9R 6DB",+353855079912,Mr.
Julie Forster,"019 Carter prairie, New Lucy, BR55 1ZE",+353878144306
Stacey Warner-Collier,"Studio 23M, Trevor turnpike, Martinstad, CF54 7FZ",0856577192,Dr.
Miss Kathleen Watts,"969 Christian spurs, Markfort, BS21 6PX",0897697169,Ms.
Billy Young,"731 Warner harbor, New Howardshire, BT51 0DE",0891146938
Wayne Jones,"Flat 11, Karen vista, North Lesley, N3 1WN",0835574717
Ricky Dawson,"196 Claire pass, Richardsonstad, G3 9WB",+353895136401,Mr.,Thompson PLC
Matthew Rogers,"6 Lisa terrace, Lake Kellyview, TD8 7DT",+353837266511,Miss,Moore Inc,ZZ 897738 T
