﻿Name,Address,Phone,Title,Company,ID
Henry Andrews,"1605 Stewart Crescent, East Jeffrey, AR 29057",0835769636
Dr. James Ruiz,"0016 Michael Springs, South Virginiaberg, HI 25291",0831378025
James Patel,福井県匝瑳市浅草36丁目3番13号 四区町アーバン416,+353897032661
Sarah Adams,"Stationsstigen 43, 86746 Luleå",0872108166,null
Patrik Johansson,"76240 Torres Streets Apt. 237, Kevinside, TN 43206",0836714452
田中 千代,"Gengatan 122, 55563 Trelleborg",+353857186734
Ivan Björklund,"52167 Poole Parkways, South Todd, MN 65160",0854320618,null
Audrey Chavez,"05780 Beth Stream Suite 343, North Davidburgh, TX 03434",+353872358878
Lilian Johansson,京都府川崎市宮前区麹町25丁目20番17号 パーク今戸654,+353899493216
Destiny Allen,"PSC 0801, Box 8985, APO AE 22224",+353893676627
Elisabeth Johansson,"72914 Livingston View, Port Kristine, ME 17751",0838780807
Marie Eriksson,愛媛県安房郡鋸南町柿木沢新田19丁目9番10号 シャルム芝浦363,+353899526949,null,有限会社三宅水産
Anna Persson,青森県横浜市鶴見区睦3丁目14番3号 丸の内ＪＰタワーコート981,+353833878656,null
Sofia Falk,"43328 Andersen Isle, South Robert, ND 34700",0875849109,Mr.,White Group
Lisbeth Hansson,"Fabriksgatan 9, 22029 Kalmar",0872258151
Maria Reyes,"Furugränd 6, 29393 Uppsala",0879497744
松本 真綾,"Unit 8813 Box 9238, DPO AE 99865",0873219600,null,Persson Hansson HB
Jan Gustafsson,"173 Tricia Brook, North Kristen, AR 16011",+353898713028,Mr.
Bradley Newton,埼玉県北区竜泉27丁目25番1号 方京アーバン279,+353832285751,null
青山 零,和歌山県文京区台場39丁目17番14号 クレスト渡辺447,0897384056,null
宇野 香織,愛媛県あきる野市平須賀34丁目27番5号,+353896076400
Erik Gustafsson,"Stationsstigen 38, 47515 Karlskoga",0832576763
Traci Holland,"Backtorget 8, 52228 Lund",0833409004
Timothy Figueroa,"1889 Jake Courts Apt. 895, West Brentburgh, SC 88699",+353851426716
吉本 京助,"5044 Angie View, Wheelerview, WV 67628",+353872128772
Allison Thomas,"040 Berry Run Suite 408, East Raymondtown, WA 09864",0877722127
佐藤 裕美子,青森県横浜市緑区丸の内23丁目18番1号 クレスト神明内237,+353878013591
Elisabeth Ekman,鳥取県東大和市南郷屋13丁目9番8号,+353891267326
Richard Phillips,"1840 Timothy Estates, Mccoyfurt, NH 37988",+353897822316,null
中津川 京助,"Åkertorget 4, 56824 Södertälje",0899998145
Brian Becker,"Nygatan 521, 08069 Uddevalla",0836317376,Dr.
Gustav Fredriksson,"570 Meghan Ridges Apt. 918, West Autumnview, AR 31511",0831904429
Shannon Padilla,"46552 Megan Club, West Jaimefurt, NV 07675",0838378884
Christina Johns,大分県台東区東和町23丁目3番9号 パレス高田馬場351,+353832068154,Mr.
Michael Walls,"746 Joanna Cape Apt. 496, Thomasberg, WA 61005",+353838293598,null
工藤 陽一,新潟県長生郡長生村戸山40丁目12番7号 太田ヶ谷パレス772,+353893038621,null,Jakobsson & Fredriksson AB
Cynthia Sutton,"813 Williams Key Apt. 030, New Debbieside, NV 37138",+353895785115
鈴木 稔,"Nyvägen 5, 57254 Borlänge",0839315673
Elizabeth Buck,"Järnvägsvägen 04, 65273 Skövde",0837811931,null,Pettersson Nordström HB,410321-5556
Anders Lundberg,"USCGC Warner, FPO AE 05288",+353897132119,null,合同会社山口ガス
Elisabet Forsberg,"0055 Jamie Canyon Suite 511, Weberton, TN 06379",+353838874750,null,Berg Axelsson AB,740327-6319
Samantha Proctor,"976 Brooks Greens, Port Deanna, ND 28909",0856909939,null
Stephanie Mills,京都府目黒区権現堂26丁目5番16号 神明内シティ556,+353858151823
Margareta Larsson,"Kyrkgränd 9, 32604 Linköping",+353893597032,null,Hernandez PLC
Gunnar Hedström,"3100 Thomas Mission, Colleenside, KS 63852",0832557268,null
浜田 亮介,和歌山県横浜市泉区上野公園24丁目20番4号 手岡コーポ918,+353834967683
Pamela Kennedy,"Ängsgatan 729, 19691 Växjö",+353836231656
Jan Svensson,大阪府横浜市栄区湯本塩原10丁目4番15号 下吉羽クレスト716,+353879841541
宇野 花子,青森県町田市土呂部22丁目21番20号,+353858470042
Linda Cruz,"225 Daniel Summit Suite 717, Shawnshire, IN 75806",+353855244145
Gregory Gomez,"648 Kirsten Loop Apt. 956, Davidfurt, GA 59514",0856371096,null,Perkins-Powers,733-75-3292
野村 くみ子,"Åkergränd 698, 39907 Luleå",+353833718772
渡辺 香織,"Industrigatan 84, 42421 Landskrona",0853394701
喜嶋 翔太,"58093 Scott Dam Apt. 200, Port Christopherside, AL 28179",+353857255715,Mrs.,有限会社加納保険
Gregory Hughes,"8861 Webb Junctions, North Ryan, AK 07364",0834503249
Julia Williams,"Kvarngatan 06, 50681 Ängelholm",+353834864035
藤本 春香,"404 Lauren Meadows, Lewischester, MD 19180",+353895309095
斉藤 太一,"Nytorget 8, 77114 Mölndal",0836712253
Angela Escobar,福岡県白井市花川戸18丁目2番18号 南郷屋コート466,0836126465
Shannon Wells,"00680 Harris Mission, South Mark, SD 66021",0894034565
Mary Mercer,"312 Justin Well, West Matthewburgh, UT 62954",+353894510392
木村 陽子,"Villavägen 379, 49386 Göteborg",0898161471
小泉 明美,福井県日野市外神田29丁目2番4号 パーク木立208,+353834124849
鈴木 健一,"264 Emily Centers Suite 517, Colleenton, ME 73718",+353875812630
Michelle Turner,"Aspvägen 7, 24277 Karlskrona",0838796264
Amanda Parrish,"Kyrkgatan 67, 81235 Eskilstuna",+353898128072,null,Olsson Nyberg AB,600224-9487
Joseph Pugh,三重県横浜市中区上野公園16丁目12番2号 コート渡辺331,+353871449498
Inger Söderlund,"Järnvägsgatan 500, 56081 Karlskrona",+353875707525
Gerhard Svärd,埼玉県港区睦19丁目4番11号 パレス鍛冶ケ沢674,0897085291
吉田 健一,広島県八丈島八丈町竜泉10丁目11番9号,0833629906
吉本 くみ子,鳥取県小平市戸塚町13丁目27番13号 ハイツ下吉羽930,0855400883
Angela Brooks,宮城県西多摩郡檜原村上高野38丁目18番7号 パレス鍛冶ケ沢825,+353898205722
廣川 明美,東京都香取郡多古町千塚1丁目3番1号,0879503508
Eva Andersson,大分県東村山市細竹13丁目27番2号,0837655426
村山 加奈,"6961 Alyssa Haven, Lake Travismouth, WI 20319",0836624569,null,合同会社大垣保険,860-96-7597
Ulf Eriksson,"537 Linda Mount, East Ellen, LA 38612",0834609496,Mrs.
Arne Hansen,"PSC 6630, Box 3437, APO AP 01801",0891556445
工藤 加奈,"4813 Ronald Bypass, West Michelleland, NY 89028",+353853521523,null
小泉 里佳,"Genvägen 214, 49816 Uddevalla",+353858133947
Amanda Brown,高知県川崎市宮前区浅草橋28丁目3番17号 コーポ浅草166,0833424229
Ronald May,茨城県狛江市日本堤11丁目22番4号 ハイツ港南154,+353852694043,null,有限会社高橋印刷
田中 健一,新潟県横浜市瀬谷区富久町35丁目13番18号 シャルム睦606,0877935255
Margareta Melin,"631 Amy Freeway, Port Karen, CA 39518",0899775565,null,木村電気有限会社
Elisabet Petersson,"320 Allen Valleys Suite 211, Scottville, WV 64453",0851862710,null,Håkansson & Johansson AB
Kimberly Ramos,長野県横浜市瀬谷区押上5丁目4番9号,+353859787614,null
桐山 零,"Villatorget 119, 69914 Landskrona",+353872994638
David Tanner,"Kyrkogränd 966, 79344 Karlstad",+353877751057,null
津田 加奈,"5113 Jesse Motorway, North Keith, TN 04114",0851059238,null,Sandoval PLC
Thomas Ochoa,"Backgränd 847, 18471 Lund",0854048737,Mr.,Johansson & Molin HB,195-49-6759
Greta Nilsson,"Kyrkgatan 74, 53148 Örebro",+353873930385
Hans Jönsson,"80186 Henry Spurs, South Tammy, CT 02850",0873953743,null,株式会社喜嶋保険
Edward Stein,"789 Laura Crossroad, Oliviaview, OR 95408",+353879477910
小泉 裕樹,"Nytorget 57, 27539 Gävle",0876887134
佐藤 晃,東京都墨田区戸島15丁目21番17号 パーク鍛冶ケ沢301,+353876055072,Dr.
Jacqueline Meyer,山口県清瀬市大京町2丁目20番3号 台場クレスト083,0833298823
Anna Larsson,鳥取県四街道市元浅草5丁目1番17号,0836021785
鈴木 里佳,京都府横浜市都筑区鳥越32丁目25番18号 上高野コーポ978,0895655207,null
Victor Andersson,山梨県八丈島八丈町東浅草1丁目15番6号,0855824584,Mrs.
Stanley Mcdaniel,"502 Robert Lodge, Levyberg, NC 63384",+353853231195
坂本 真綾,"7549 Daniel Mall, Timothyton, VT 00800",0857383669,Miss
Andreas Andersson,"66218 Stephen Spring Suite 928, Herreramouth, IL 01393",+353833265002
野村 康弘,群馬県香取郡東庄町千束28丁目18番16号 クレスト六番町574,+353857045349
Howard Mccormick,愛知県稲城市天神島38丁目15番18号 パーク東上野596,0871344422,null
Joanna Phillips,東京都横浜市港南区中小来川10丁目14番18号,+353855016867
加納 翼,"Granstigen 4, 40946 Gävle",0895679288,null
鈴木 明美,"Grantorget 8, 36212 Östersund",+353878616336
Birgitta Arvidsson,福島県四街道市西小来川14丁目26番14号 千束シャルム004,+353897112275
鈴木 亮介,"Industrivägen 680, 13555 Norrköping",0834126998
Karin Olsson,"Bäckgränd 60, 65699 Jönköping",0857320353
木村 幹,"600 Taylor Stream, Alexanderhaven, OK 73957",0839741654
Harald Johansson,"2382 Thomas Viaduct, Lisatown, PA 58250",0851525399,null
Leah Tapia,"Kyrkovägen 5, 99590 Piteå",+353877753338
Tony Sexton,"Björkstigen 2, 22700 Karlskoga",0878921207,null
Sofie Karlsson,栃木県練馬区橋場19丁目24番4号 アーバン中小来川975,+353835540305
原田 健一,三重県八千代市鳥越17丁目22番19号 北上野パーク506,0879689212,Mrs.,Erlandsson HB
Amber Young,"Kvarnvägen 9, 55640 Motala",0877531862,null,伊藤ガス合同会社
Rolf Oskarsson,"Åkerstigen 69, 13282 Kristianstad",0858923953
Bertil Eriksson,"Strandgatan 742, 84207 Karlskoga",+353833225309
山本 治,"931 Solomon Vista, East Tammymouth, VT 92065",0834021992
Laura Mcdaniel,"Trädgårdstorget 6, 95876 Växjö",0876187056
Karl Petersson,愛媛県鴨川市前弥六南町26丁目4番19号 無栗屋シティ981,0833973508,Mrs.,Karlsson HB,302-40-6936
Tonya Harris,"4173 Caitlin Ramp, New Charles, AL 37051",0859619158,null
Lars Jansson,宮崎県君津市山中新田7丁目5番8号 アーバン秋葉原454,0891687907,Mrs.
Kurt Johansson,"829 Cynthia Pines, Roberthaven, NC 43652",0895486236
Laura Dixon,"79995 Brian Squares, Lake Lukestad, LA 92252",+353832504707,null
西之園 幹,"70766 Stephanie Shoal Apt. 484, Colemanton, GA 46293",+353892250007
Beth Johnson,"Idrottsgatan 02, 87083 Växjö",0878794902,null
鈴木 加奈,"546 Joshua Mountain, West Sharon, IN 28847",+353872621627
Charles Lucas,"56103 Jones Ways Apt. 961, East Sarafort, CA 44034",0851095521
Ingrid Norberg,"USCGC Pearson, FPO AP 54842",0897505656
Mary Lara,"Bäckgränd 9, 77272 Uddevalla",0855930028,Mrs.,Karlsson Magnusson HB
Rebecca Richard,"Strandstigen 38, 31026 Sundsvall",0837350736
中村 七夏,"Skogsvägen 689, 93671 Gävle",+353871511178
Amanda Öhman,"Trädgårdsstigen 7, 42387 Södertälje",+353893673236,Ms.,津田印刷有限会社
吉田 千代,茨城県袖ケ浦市白金36丁目15番8号 細竹シティ275,+353858032531
Bo Karlsson,"878 Brown Stravenue Apt. 647, Port Billy, UT 64438",+353899754035,null
廣川 学,群馬県清瀬市方京32丁目20番15号 パーク東上野964,+353835159993
藤本 春香,"Idrottsstigen 0, 26111 Skövde",0853952443
Donna Davis,福井県袖ケ浦市浅草橋8丁目1番2号,0874356907
Christian Berglund,"0831 Sherry Land, East Lisaville, LA 85240",+353857311206,null
Erik Jonsson,埼玉県文京区湯本塩原20丁目11番2号 ハイツ上吉羽404,0839825365
Suzanne Cummings,"5441 Sally Plain, Morganview, HI 07144",+353874357008
加藤 裕美子,"2001 Acevedo Shoal, North James, IN 58990",0855425523,null
Bengt Eklund,"Granvägen 5, 07216 Karlskrona",0878105730
工藤 明美,高知県足立区鳥越15丁目24番12号 脚折町ハイツ351,0876989647,null,Wise-Murphy
Karin Bergman,"474 Russell Divide, North Travis, UT 16619",0851084093
津田 治,"Parkvägen 1, 28549 Borås",+353893152208
Bo Jonsson,"3513 Daniel Gardens, South Robert, TN 27245",+353873082620
Håkan Magnusson,香川県葛飾区羽折町31丁目22番5号,+353877801523,Ms.
工藤 幹,"Skolvägen 008, 84899 Borlänge",0857077708,null
Elisabeth Andersson,"Kyrkotorget 51, 55251 Nyköping",+353837858522,null,廣川情報株式会社
Leslie Riley,富山県我孫子市大京町6丁目3番11号,0835764228,null
Linnea Persson,"Parkvägen 46, 10698 Nyköping",+353838288254,Dr.
渡辺 七夏,"USNV Taylor, FPO AP 21040",0896289153,null,株式会社江古田保険
Kenneth Dennis,長崎県横浜市西区外神田30丁目10番18号 アーバン氏家新田849,+353873668555
Jeffrey Smith,"Strandgränd 9, 50160 Uddevalla",+353898219885
Margareta Johnsson,"Backstigen 84, 36590 Falun",0831398469,null,Bray Inc,758-58-2122
Alexander Andreasson,新潟県横浜市旭区日比谷公園14丁目13番19号 今戸コーポ848,+353852494006
Karen Steele,長野県新島村丹勢1丁目16番10号 西関宿パレス140,+353839348432
Peter Barrett,大分県三鷹市橋場24丁目4番8号 パーク台場440,+353839000482,null
Carl Nilsson,"Grangränd 56, 21365 Helsingborg",+353838964998
Susanne Johansson,"84234 Holly Roads, Marybury, IA 44091",+353854029830,Mrs.
Erik Jansson,"Bäckgränd 8, 27772 Falun",+353853966037,Mr.
青田 太郎,"Storgatan 53, 61226 Sundsvall",+353836586390
斉藤 直人,鳥取県御蔵島村二つ室9丁目25番11号,0833827001
Agnes Lindqvist,"Kvarnvägen 1, 87810 Trollhättan",0895510675,Ms.,Eriksson & Johansson AB
若松 翼,"6049 Thompson Valley, Claytonshire, NV 55671",+353833511106
Alexandra Morris,"Furugränd 6, 29705 Helsingborg",+353899858538,Mrs.
Arne Olsson,"491 Pineda Mall Suite 149, Mccarthymouth, FL 40602",0851697369
Kristin Diaz,"Stationsgränd 91, 60342 Sundsvall",0898822540
Richard Svensson,"USCGC Randall, FPO AE 48417",0893883544
Christina Gonzalez,"39749 Wolfe Camp, South James, ME 19132",0856264980
Christer Gustafsson,石川県国分寺市月島29丁目10番10号 隼町クレスト693,+353855147461
Leif Börjesson,"Stationstorget 80, 07688 Umeå",0855043502,null,Holmberg Johansson HB
佐々木 舞,"996 Brown Mill Apt. 778, New Nathan, IL 61115",+353837943405,Mr.,Sundström HB,817-67-6183
斉藤 聡太郎,和歌山県横浜市南区上吉羽12丁目14番9号 無栗屋アーバン284,+353853241715
山田 拓真,"04379 Miller Land Suite 766, North Alexisburgh, WI 57112",0898709449,null,Anderson-Jones
Brian Esparza,"781 Turner Junctions Apt. 275, Port Thomasfort, VA 58276",0834012221,null,大垣鉱業株式会社,246-87-5612
Jan Petersson,"Kvarnvägen 36, 73216 Motala",+353876667015
Tonya Archer,山形県小笠原村西浅草20丁目6番13号 シャルム南郷屋296,+353832185604,null,"Reynolds, Weaver and Scott"
Thomas Miller,"Järnvägsvägen 3, 63932 Västerås",+353851984591
Ingemar Olsson,"Skolgränd 98, 65397 Varberg",+353834046967
Angela Howard,岡山県袖ケ浦市津久戸町42丁目1番1号 コーポ虎ノ門虎ノ門ヒルズ森タワー313,+353834524473
Helge Gustafsson,福島県昭島市竜泉19丁目4番20号,0851262613,Mrs.
Jeremy Williams,"6647 Allison Via Apt. 413, Michaelside, OR 39824",0894310258
Clayton Hughes,"3400 Michael Viaduct Suite 642, Lake Melissaside, WI 48227",0839291733
Maria Linder,群馬県横浜市保土ケ谷区浅草橋34丁目15番8号 クレスト高田馬場483,+353874760440
石田 洋介,"Gengatan 57, 63019 Borlänge",0872513993,Mr.
Kara Hamilton,徳島県荒川区虎ノ門虎ノ門ヒルズ森タワー37丁目7番14号 上野公園クレスト608,0833629176
木村 晃,神奈川県夷隅郡大多喜町太田ヶ谷22丁目9番16号 南郷屋ハイツ852,+353857718700,null
Bethany Miranda,福岡県西多摩郡瑞穂町美原町13丁目25番6号,+353859235292,null
喜嶋 修平,"Nygatan 9, 85846 Västerås",0871193905
Wilhelm Larsson,"69856 White Knoll, Smithview, MO 80858",0834575082,Mrs.,Nielsen & Magnusson AB
Monica Gustafsson,福井県町田市丸の内ＪＰタワー6丁目5番17号 ハイツ西小来川374,+353872983068,null,Andersson Hansson HB,722-82-9826
Wendy Hanna,"65939 Flynn Mountain Suite 936, Michealstad, SC 07142",+353872837707,null
Dagmar Karlsson,"Ängstorget 3, 80583 Helsingborg",0859513236
Christine Briggs,"Fabriksgatan 137, 71373 Kristianstad",0833606660
David Hammond,鳥取県香取郡多古町三ノ輪5丁目20番3号 津久戸町クレスト379,+353857004724
Jessica Bishop,富山県横浜市保土ケ谷区四区町41丁目1番3号 シャルム高田馬場390,+353833767788
Mary Wood,福岡県小平市東和町23丁目6番9号 竜泉ハイツ683,0876995098
桐山 治,富山県横浜市港北区神明内42丁目3番17号,0898757672
村山 和也,福井県長生郡長南町花川戸2丁目4番15号 高輪シャルム692,+353858058996,Miss
Tommy Carr,福岡県国分寺市細野3丁目6番7号 白金ハイツ502,0857321692,Dr.
若松 太郎,"68521 Benjamin Rue Suite 163, Port Chelsea, AL 27904",0894582505,null
山口 篤司,大阪府青ヶ島村麹町33丁目10番8号,+353854889798,null,Gustafsson Carlsson HB
Josefina Olsson,"000 Kelly Causeway, Santosside, MI 15871",0858884103,Mr.,Pham-Wood
Jennifer Morris,"588 Combs Points, Patriciaside, MO 45514",+353892587770,Dr.,井上電気合同会社
伊藤 直人,京都府御蔵島村五味ヶ谷6丁目10番19号 パレス横林237,+353878004788
中村 千代,"28799 Michelle Prairie Apt. 642, Lake Paulaburgh, MS 60123",+353833175783
Benjamin Lucas,"Björkgränd 82, 98108 Stockholm",0834523859
Nicole Harris,石川県西多摩郡瑞穂町芝大門28丁目12番10号 筑土八幡町パレス660,0855284569
Linnéa Lindholm,"8747 Marcus Route Suite 336, Brenthaven, SC 72235",0879416569
Yngve Nilsson,"Trädgårdsvägen 98, 10557 Karlskoga",0892813700,Dr.,中村運輸有限会社,772-79-2343
井高 七夏,長野県中央区南赤田4丁目2番8号,+353834695401
近藤 治,"76684 Davis Center, Davisview, NC 06234",+353874542980
Erik Sjögren,"647 Carolyn Pike, Schultzshire, AR 62541",0834191946
Michelle Williams,埼玉県台東区権現堂12丁目3番13号 シャルム虎ノ門虎ノ門ヒルズ森タワー775,0854587484
伊藤 舞,"382 Breanna Alley Apt. 325, Lake Annland, KY 80088",0897215682
Marianne Larsson,"Furutorget 4, 21323 Motala",+353875289507,null,"Wilson, Allen and Mccarthy"
宇野 知実,"USCGC Lowe, FPO AE 07073",+353835126893
Nils Johansson,熊本県狛江市日比谷公園15丁目15番9号,+353853921228
山口 和也,埼玉県横浜市瀬谷区脚折14丁目24番4号 シャルム京橋499,0852669965,Mrs.
Mark Lane,"Skolstigen 7, 34920 Borlänge",+353899706007
加藤 晃,長野県品川区上野桜木18丁目23番20号 湯宮シティ527,0857405266,null,Avila PLC,890803-4641
Tore Berg,"Skogsgatan 0, 79933 Karlstad",0833514970
中津川 春香,高知県墨田区松石4丁目17番3号 コート西浅草370,+353899714961,null,合同会社鈴木銀行
Niclas Andersson,"90152 Johnny Springs, West Josephhaven, AR 97500",+353874120519
Alicia Brennan,広島県横浜市中区渡辺29丁目16番16号,+353832414865,null,有限会社江古田銀行
若松 直子,愛知県横浜市戸塚区浅草34丁目16番2号 シャルム東浅草097,0871571616
佐藤 春香,"830 Harris Knolls, North Tammymouth, WA 54306",0897696803
Johanna Jönsson,"Stortorget 40, 27760 Sundsvall",0839123946
加藤 あすか,"Nytorget 172, 41826 Mölndal",0852781091
鈴木 学,栃木県国分寺市戸山37丁目13番17号,0895503632
坂本 桃子,大阪府山武郡横芝光町皇居外苑32丁目3番14号,0838913568,Dr.,株式会社坂本通信
Monique Ellison,"68362 Foster Cliffs, Russellland, KS 99549",+353899948204,Mr.
Susan Levy,"56393 Michelle Mission Suite 262, Pamelashire, OH 47497",0836928008
Karin Hansson,"4475 Woodward Street, Josephville, HI 02947",+353892890760,null
加藤 幹,広島県国分寺市二つ室33丁目5番2号 三ノ輪コーポ420,+353877163162
青山 裕太,"Parkgränd 37, 07569 Alingsås",0899619039
Amy Johnson,"Skogsstigen 6, 68148 Luleå",+353872454728
Sofia Larsson,"52595 Matthew Expressway Apt. 400, Teresafort, DC 99379",0878282326
近藤 晃,"Nyvägen 1, 89093 Jönköping",0858793907
Sara Diaz,新潟県横浜市鶴見区湯宮27丁目8番15号,0896769045
Jay Davis,"Trädgårdsvägen 549, 73107 Sundsvall",0853646955
Dr. Jennifer Potts,岩手県富津市麹町8丁目2番9号 アーバン東上野403,+353897424634
小林 直樹,福岡県香取郡東庄町芝浦11丁目6番19号,+353854626407,Ms.
中津川 結衣,"32573 Evans Knoll, Gibsonland, RI 75500",+353895327669
村山 くみ子,"5052 Hall Curve Suite 459, Rayville, NH 02732",+353853655813,Mr.,Kaufman Ltd,880714-2123
宇野 充,"USNS Oliver, FPO AE 86892",+353871224284,null
Ture Karlsson,"Industritorget 78, 38985 Uddevalla",+353896395641,null
Brenda Parker,"3827 Kristin Parks, Lake Ashleyburgh, DC 89680",+353837745439
Göran Johansson,"Nygränd 823, 41062 Lidingö",0876277867
山岸 明美,"Parkvägen 276, 72124 Västerås",0878673581,null,Eklund AB,411-73-8708
Rut Wallin,"25921 William Overpass, East Saramouth, MT 91485",0831671869,null
江古田 零,"Järnvägstorget 0, 04342 Alingsås",0897016832,null
Janet Nguyen,"Genvägen 0, 31553 Göteborg",+353897366345
Mitchell Graham,"5539 Castillo Junction, Smithside, VA 38457",0835653280
大垣 充,"3379 Johnson Ridge Apt. 852, West Richardstad, MT 26508",+353834202968,null
Martin Johansson,福井県荒川区白金13丁目17番10号 クレスト西浅草236,0876426138,null
工藤 幹,高知県荒川区中三依41丁目16番11号 鳥越パレス567,0852891839,Mrs.
Jeremy Moreno,"0081 Cook Pines Suite 824, South Justinside, NV 08867",+353859993038
小泉 舞,京都府川崎市幸区湯本塩原11丁目4番3号 大中パーク151,0854867493
Barbro Eriksson,"713 John Camp Apt. 780, Patrickport, NV 97151",+353837591032,Dr.
小泉 裕美子,"Industritorget 385, 40136 Sundsvall",+353896406187
Morgan Blomqvist,奈良県中野区芝公園18丁目25番5号,0855578793,null,有限会社廣川農林
桐山 零,宮城県品川区西神田1丁目2番13号,0832249322,null
Sofia Nilsson,"Stationstorget 7, 67006 Lidingö",0899841803,null,Mitchell Inc
Doris Fredriksson,"5523 Pena Fields, South Andrea, MT 34296",0858546715,null,株式会社吉田鉱業
Sofie Öberg,福島県横浜市神奈川区南郷屋5丁目9番6号 北青山シティ693,0832414651,Mr.,Fredriksson Högberg AB
Scott Thompson,"Åkertorget 60, 74775 Stockholm",+353879492036,null
John Nilsson,高知県横浜市栄区北上野16丁目16番15号,+353835976199,null
Michelle Stone,宮崎県府中市中川崎1丁目7番7号 下吉羽コート983,+353894646296,null
若松 舞,"Järnvägsgatan 22, 52642 Eskilstuna",0873179338,null
Erik Lindholm,"Ängsvägen 722, 31467 Göteborg",+353836228115
青田 直人,"Kyrkogatan 9, 43602 Södertälje",+353853424350,null,有限会社中津川農林
藤本 桃子,"Idrottstorget 779, 11223 Kalmar",+353851563439
Artur Nilsson,東京都匝瑳市竜泉5丁目10番1号,+353833824796,null,Francis LLC,590317-9496
野村 花子,"USNV Warner, FPO AE 07295",0859794873
Sigrid Nilsson,"Skolgränd 41, 83902 Lidingö",+353899999356
Penny Robertson,"Skolgatan 9, 54027 Motala",+353853598692,null
Karen Smith,東京都我孫子市大中37丁目26番20号 コーポ南赤田088,+353852760331
吉本 浩,宮崎県横浜市磯子区外国府間34丁目8番16号,+353851853224,Mrs.
Kari Bailey,"Parkstigen 1, 66760 Borås",+353838220169
井上 加奈,"17755 Philip Tunnel, North Davidland, MD 34288",0854038977
Nicholas Rojas,"Granvägen 09, 08170 Skellefteå",+353895902697
Tomas Karlsson,山口県東大和市橋場11丁目7番13号,+353831460399
Lars Berglund,岩手県川崎市川崎区西関宿1丁目7番14号 今戸ハイツ074,0872538466,null,Gustafsson HB
石田 涼平,"Skolvägen 8, 59465 Linköping",0837686119
Maria Johansson,宮崎県長生郡長柄町油井19丁目9番14号 コーポ幸手226,+353874946153
桐山 花子,愛媛県文京区日比谷公園30丁目3番11号 シャルム台場804,0879641567
Marcus Andersson,広島県横浜市青葉区京橋1丁目22番9号 西関宿ハイツ360,0871635758
Ricky Rodriguez,大分県あきる野市浅草26丁目15番13号 横林クレスト043,+353874266057
Anette Ottosson,大分県杉並区芝浦28丁目10番19号 西浅草コート404,0892750766
村山 英樹,福島県長生郡一宮町富久町9丁目18番6号,0899057889
中島 裕太,神奈川県夷隅郡御宿町前弥六4丁目7番15号 美原町シティ005,0874266059
Matthew Sanchez,"Industritorget 51, 64916 Ängelholm",0856988846,null
山口 真綾,埼玉県富津市西関宿41丁目3番17号 戸山クレスト859,0832218217,null
Eddie Lewis,"342 Daniel Tunnel Suite 739, South Dominiqueburgh, IA 73078",0853288650,null
Dan Blom,高知県富津市西関宿34丁目10番12号,0858070095
Märta Östlund,"Parkvägen 78, 95817 Halmstad",+353871149625
Martina Ljungberg,滋賀県香取市丸の内14丁目3番4号 入谷コート042,0857438668
Scott Rivera,"7571 Belinda Brook, Lake Nicholasshire, WA 85750",0896764169
加納 翔太,"8638 Moreno Stream, Garrettmouth, OH 65960",0899408208
宮沢 稔,岩手県香取市元浅草31丁目25番2号 パーク平須賀844,0876959684
青山 舞,愛知県印旛郡栄町千塚31丁目26番17号 コート西神田095,+353833257666
坂本 加奈,"Kyrkostigen 2, 14886 Motala",0875432348
Richard Eriksson,"Skoltorget 55, 77007 Varberg",+353898175334,null
Angela Kim,福島県印旛郡印旛村脚折町20丁目20番5号,0892205256
Viola Pettersson,"Bäckgatan 018, 62174 Örebro",+353833415567,null
Maria Lundkvist,富山県横浜市都筑区高田馬場27丁目9番7号 パレス大京町170,+353856735436,Mr.,Copeland LLC
William Clark,和歌山県夷隅郡御宿町戸島18丁目10番2号,+353898064512,null
Inga Karlsson,千葉県印旛郡印旛村津久戸町31丁目14番13号 西川パレス660,+353834770825,Mr.,株式会社加納運輸
Caroline Svensson,"90392 Patricia Shores Apt. 194, Port Michelleland, MN 71623",+353835563204
渡辺 翼,佐賀県横浜市旭区卯の里33丁目9番16号,+353878452624,null
Madeleine Larsson,"12204 Williams Lane, South Carrie, FL 52054",0837342908,null,Petty and Sons
Pamela Martin,"Trädgårdsvägen 89, 25354 Trelleborg",+353856436690
田辺 香織,島根県あきる野市美原町37丁目23番17号 コーポ氏家209,+353877166635,null
木村 淳,鹿児島県江東区前弥六南町16丁目25番13号 高田馬場パレス946,0833004359,null
Bengt Karlsson,"658 Cuevas Crest, Lake Sarahville, OK 25984",0873611645,Mrs.
佐藤 千代,"USNV Walters, FPO AE 46024",0837165445
山岸 桃子,"6741 David Turnpike Apt. 631, Samanthaport, AL 86354",0877716302
Maria Russell,"Parkvägen 9, 93088 Helsingborg",0853509935
Jennifer Stanton MD,"88779 Cowan Lake Suite 641, South William, GA 95320",0852608966,Dr.,井高保険有限会社
Rolf Andersson,"Furugränd 57, 34770 Växjö",0873743796,null,浜田銀行合同会社,209-28-5078
青田 智也,"Ringstigen 31, 23704 Lidingö",0836633919,null
Kevin Ingram,"55786 Santos Unions, Wattsmouth, OH 41485",+353877250683,Miss
佐藤 智也,"Ektorget 942, 40468 Östersund",+353895558637,null,Howard Group,080-63-9875
三宅 智也,"871 Nancy Square Apt. 526, Bakerburgh, MA 44698",+353856290218
Bryce Tucker,"0563 Thomas Cliff Apt. 303, Juliaborough, MD 77393",0891540248
Sonja Sjöström,"84192 Simmons Station Suite 479, Quinnfort, RI 60065",+353871778385
Göran Nilsson,秋田県香取市木立29丁目20番7号 東神田シャルム558,0871721947
大垣 裕樹,"0923 Walker Gardens Apt. 285, Williamburgh, ID 08812",0875218660
Karl Eriksson,"562 Michael Vista, South Mark, MS 56980",+353873411499
Geoffrey Young,高知県あきる野市氏家新田4丁目7番15号,+353832353875
Daniel Lindström,"148 Christopher Street Apt. 656, Port David, WV 50583",+353859695677,null
Maria Nyström,宮崎県多摩市独鈷沢15丁目12番6号 コート長間993,+353879404330,null
Justin Savage,"Genvägen 2, 61600 Eskilstuna",+353877300253
井高 健一,福岡県あきる野市橋場3丁目17番11号,+353831980411
Zachary Smith,"Idrottstorget 0, 98981 Piteå",0833819255,null,Holden PLC
Ashley Russell,"Grantorget 54, 58518 Östersund",+353877918111
Maria Williams,"Trädgårdsgatan 22, 24948 Helsingborg",+353893122458
Carl Strömberg,"05331 Miller Ways, Port Michele, CT 06236",+353833337106
Olle Johansson,"564 Oneill Ridges, Hillshire, AL 57908",0834496955,null,Holloway Group
Andrew Porter,"Parkstigen 7, 36927 Stockholm",0836018568
Paige Friedman,茨城県川崎市中原区丸の内ＪＰタワー38丁目2番15号 月島シャルム708,+353891777765,null
野村 裕樹,"Gengatan 96, 80350 Motala",+353893508131,Mr.,Vazquez PLC
鈴木 淳,"2066 Joshua Stravenue Suite 299, East Richard, RI 30018",0894915093
桐山 充,"448 Patricia Falls Suite 507, Williamsmouth, NJ 12558",0837563337,null,坂本運輸合同会社
斉藤 幹,"32280 Beck Mission Suite 811, Mariaborough, DC 51491",0873141852
Maria Andersson,"Furutorget 8, 39752 Trelleborg",+353896184380,null,Rowe-Wilson
浜田 裕樹,"3116 Hunt Island Apt. 096, East Sophiaborough, NJ 67374",+353859280774
佐々木 聡太郎,福島県練馬区土沢20丁目27番8号,0896120185
Frederick Garcia,長野県長生郡白子町日比谷公園18丁目27番8号 ハイツ柿木沢307,0897576214
Emily Cox,"Parkgatan 3, 45883 Västerås",+353876818958,null
三宅 明美,"54759 John Hills, East Matthewside, RI 55438",0891226639
山岸 七夏,"Parktorget 1, 06009 Skellefteå",+353897194532,Mrs.
John Navarro,"Villavägen 860, 85372 Örebro",+353839739410
Rolf Lundin,愛知県我孫子市吾妻橋6丁目5番20号 入谷ハイツ843,+353833295570
津田 春香,"9017 Isaac Meadows, Royside, NJ 52985",0892112639
Zachary Park,熊本県横浜市港北区六番町6丁目20番13号 太田ヶ谷シティ852,+353878701680,null,Nyberg HB,931104-1447
Mario Chavez,"Villagatan 7, 05587 Kristianstad",0851711092
Victor Morrison,"Nygatan 5, 57698 Karlstad",+353859772144,null
Nils Larsson,静岡県国立市白金台7丁目12番13号,+353834152178,Mr.,Nilsson Nilsson AB
Evert Karlsson,"79373 Amanda Turnpike, New Wendyport, IN 65307",0895147548
Travis Morgan,"Nygatan 5, 46553 Ängelholm",+353879171628
三宅 健一,"584 Zavala Pine Suite 420, Richardsberg, AZ 07857",0857055676,Dr.
中村 加奈,"29809 Abigail Gardens, Ayalatown, DC 36087",0876449590,null
Ellen Valdez,"Parkgatan 415, 62865 Linköping",0876016775,null,Larsson & Johansson HB
Amanda Smith,"3105 Latasha Divide, Davidtown, WA 06524",+353893647123
Nils Söderström,"02139 Bryce Extensions, Loriton, AZ 95293",0876890326
小泉 真綾,和歌山県鎌ケ谷市脚折町14丁目7番13号,+353835893579
Irene Söderström,"Ängsvägen 0, 64878 Falun",0856853845,null
Jason Bailey,山形県印旛郡本埜村脚折町25丁目22番9号,+353879701502
中島 陽一,"USNS West, FPO AE 51043",0838751263
Lauren Peterson,"Strandvägen 6, 51350 Kristianstad",+353852464497
Stephen Thompson,"992 Eddie Bridge Suite 509, Jaredburgh, NV 48839",0834946705
