Name,Address,Phone,Title,Company,ID
高橋 結衣,"230 Nicole Prairie, Powellport, TX 76347",0879566497
松本 裕樹,"Trädgårdsstigen 569, 53161 Lund",0897548413
Joseph Davis,秋田県印西市芝大門7丁目10番2号 虎ノ門コーポ241,0836864098
津田 稔,"2490 White Inlet Apt. 377, South Diana, KY 40774",0859088380,null,Lundgren AB,057-94-9746
Amanda Campbell,"15559 Brian Islands, Cherylchester, NC 33153",0874053125
Margareta Johansson,"60019 Anthony Union, Joannamouth, SD 29010",0833475498
田辺 明美,"Kyrkovägen 801, 72854 Kristianstad",0874564992,null
Nicole Lambert,"Skogsgatan 644, 01932 Karlstad",0872266519
小林 篤司,"Trädgårdsvägen 86, 19174 Lidingö",0896009589,null,松本印刷株式会社
青田 亮介,"Idrottstorget 639, 27863 Piteå",0855391422,Mr.,Jonsson HB
喜嶋 直子,"4026 Hawkins Fords, Julieside, DE 60605",0874937458,null,西之園銀行合同会社,098-12-8281
中村 直樹,"8150 Carr Inlet Apt. 316, Codyland, MO 56226",0855499054,null
田辺 稔,"Backtorget 329, 10308 Motala",0834387255,Dr.,株式会社浜田食品
Theresa Hunter,"9255 George Hills, East Matthew, GA 43701",0895344333
Alice Larsson,"84291 Margaret Way, Angelfurt, NE 83465",0877042381,null
伊藤 千代,奈良県小平市手岡26丁目1番9号,0858963532,null
Stacy Phillips,"Skolgatan 763, 94668 Falun",0839749684
Ryan Hernandez,群馬県世田谷区猿楽町20丁目21番2号 浅草パレス038,0855511618,Mrs.
若松 京助,"059 Young Summit Suite 992, New Melissahaven, AR 84991",0855979255
Daniel Garcia,"Ringgatan 248, 19339 Skövde",0852031211,null,株式会社山田銀行
山口 結衣,"USCGC Taylor, FPO AP 20609",0879240282
桐山 聡太郎,"Backgatan 6, 64136 Örebro",0875683691
Ulla Eriksson,"Furugränd 568, 12589 Halmstad",0879906471
Rebecka Sandström,"Parkgränd 07, 93224 Göteborg",0834982768,null
Jessica Andrade,"350 Gomez Overpass Suite 355, West Rayborough, KS 80877",0858984981,null
Björn Claesson,"88291 Anna Plains, Hansonside, NE 46147",0894550808
Sean Peterson,和歌山県府中市富久町14丁目4番2号 アーバン九段南789,0853022799
Dawn Hardy,愛知県神津島村入谷20丁目7番3号,0859835024,null
Sandra Olsson,埼玉県川崎市多摩区氏家37丁目15番19号 パーク入谷134,0836778170
加納 零,"47496 Schwartz Inlet, Turnermouth, WI 19180",0892024930
Jeffrey Wright,宮城県印西市日比谷公園34丁目18番7号 上吉羽パレス827,0873582570,null
Elisabet Hansson,"Skogstorget 07, 19463 Eskilstuna",0838211345
Amanda Miller,"Strandgatan 6, 32341 Kalmar",0838935932
Ray Harmon,"Storstigen 17, 59384 Mölndal",0897980326
Erin Miller,"5140 Dylan Branch Suite 251, Seanshire, NC 70863",0833017250,null,"Alexander, Thompson and West"
Jack Rios,"14546 Juan Key, Port Tammy, NV 68756",0896008349,Mrs.
Gun Martinsson,"0370 Matthews Hollow, East Autumn, NJ 75868",0834283417,null
Gunnar Pettersson,鹿児島県夷隅郡御宿町芝大門23丁目11番10号,0835104740,null,中津川食品株式会社
Rune Håkansson,石川県白井市元浅草2丁目26番15号,0853459894
野村 英樹,"Ekvägen 57, 64882 Skellefteå",0893115244
中村 花子,"Idrottsvägen 0, 17310 Eskilstuna",0871987136,null
中津川 加奈,"Skolvägen 481, 73738 Karlskoga",0894075220
Andrew Green,"433 Daniel Highway, Riosborough, TX 48306",0873892745,Mr.,Eriksson Lindgren HB
Teresa Jones,"02293 Lopez Manor, Port Kennethland, MD 71384",0896807778,Dr.,Hansen HB
田辺 拓真,北海道横浜市鶴見区長畑13丁目26番17号 竜泉パーク608,0839435521,Mr.,有限会社伊藤農林
Karin Hansson,"Unit 9457 Box 1534, DPO AP 22439",0897394929
桐山 幹,"Skoltorget 42, 57755 Stockholm",0838243878,null,Karlsson Persson HB
Annie Svensson,"Idrottstorget 0, 24306 Norrköping",0892890657
Anna Pettersson,"Skolstigen 1, 85146 Växjö",0837702431,null,村山保険合同会社,770328-1704
Ronald Reid,"Industrigatan 333, 49941 Jönköping",0836709523
Louise Sjöberg,"8057 Valerie Groves, Emilyview, WV 85356",0895865046
Deborah Stokes PhD,山形県目黒区蔵前23丁目23番20号 クレスト百村518,0855934713,null,Smith PLC
Joann Jones,"32508 Wallace Ferry, South Judy, MN 68862",0873528366
佐藤 里佳,"1757 Sara Greens Apt. 094, West Wendymouth, NE 56491",0834314751,Mrs.,桐山保険合同会社
Anna Olofsson,東京都葛飾区松石14丁目12番4号 パレス豊町866,0876496109
Ann Harris,"086 Hardin Drive, North Nicoleberg, VT 26401",0899642275
井高 治,兵庫県八丈島八丈町高田馬場23丁目3番7号 シティ西浅草603,0835093963,null
工藤 洋介,"13462 Decker Park Suite 401, Stephanietown, MO 99723",0898615096,null
宮沢 裕樹,"Skolstigen 484, 37447 Motala",0854601453,Mr.
加藤 裕太,"Bäckgatan 8, 01914 Gävle",0875856959
Dr. Kevin Colon,"Kyrkovägen 741, 88195 Umeå",0839703530,null
Emily Moore,"Nyvägen 8, 17561 Motala",0879298464
Timothy Collins,"53656 Cheryl Inlet, North Jeremy, MN 73078",0834069964,null,Eliasson Vikström HB
Nina Martinsson,"Trädgårdsvägen 84, 59167 Sundsvall",0838587915,null,Karlsson Engström AB
Gregory Brock,"296 Cruz Fall, South Albertton, AR 09540",0897030416
Robert Lopez,"8649 Trujillo Mews Apt. 876, Robertaview, MS 19671",0895627808
Andrew Taylor,"Skogsgränd 48, 42673 Trelleborg",0834018353
Tami Charles,"Backstigen 5, 00228 Ängelholm",0872751036
Inger Andersson,福島県川崎市中原区西小来川2丁目24番16号 パレス油井273,0835383720
Jan Ek,山梨県千代田区西神田36丁目10番12号 シャルム白金台315,0839630206
Billy Padilla,"Industritorget 150, 09630 Nyköping",0899401954,Dr.,株式会社西之園銀行
Mr. Travis Gonzalez,"Gengränd 95, 10252 Uddevalla",0872912078
渡辺 和也,"Kyrkovägen 5, 86556 Landskrona",0837524436
Maria Nilsson,島根県横浜市緑区西関宿37丁目5番5号 芝公園コート855,0859481462
伊藤 舞,"458 Moore Parkway, Diazshire, AZ 79927",0876786666,null
Angel Gonzalez,"PSC 7959, Box 7492, APO AE 53927",0839552218,Ms.
Patrik Ek,"5452 Oconnor Grove Apt. 086, Brockstad, HI 07545",0898136351,null,有限会社山口農林
松本 学,鳥取県豊島区所野26丁目14番13号,0896676709
伊藤 香織,"Ringgatan 5, 60746 Umeå",0858070269
Victoria Lundgren,"Parkgränd 2, 78372 Helsingborg",0856448157
小林 浩,"067 Ashley Ports, Lake Julie, KY 47979",0878878113
原田 香織,"077 Brooks Cape, Jasonhaven, KY 97036",0899843665
中村 真綾,"Idrottsstigen 637, 98650 Skövde",0855769392
佐々木 千代,"Parkvägen 350, 82635 Ängelholm",0857260125
Gloria Pruitt,"Strandgatan 673, 75959 Malmö",0874946154,null,有限会社吉田電気,390115-8828
Agneta Nilsson,滋賀県町田市東神田19丁目7番16号,0855458186
山口 あすか,"Ringstigen 7, 25844 Nyköping",0877526343
浜田 七夏,"2378 Melissa Alley, Lisamouth, FL 23269",0859994885
Louise Lundberg,"Idrottsgränd 74, 36199 Sandviken",0897451418
Barbara Swanson,"058 Tina Groves, East Alexander, AL 79019",0894051035
Lovisa Löfgren,千葉県府中市日光2丁目1番20号 三ノ輪コーポ942,0831078274
Gregory Obrien,"490 Chen Village, North Kathleenmouth, UT 55625",0891719788,Dr.,Hawkins-Garcia,740-32-0726
原田 あすか,熊本県南房総市東大和町21丁目8番5号 クレスト竜泉274,0856545325,null
Daniel Bryant,"Kvarnstigen 611, 35294 Kalmar",0839526981,Mrs.
若松 治,"18657 Kyle Brook Apt. 718, Port Joannaside, AL 43290",0833813555
宮沢 知実,島根県横浜市神奈川区五味ヶ谷1丁目6番7号 シティ丹勢323,0857037376
Robert Moore,大阪府荒川区上吉羽8丁目24番17号,0898186574
Gunvor Hansson,"Åkergränd 59, 88661 Eskilstuna",0899966697,null
加藤 美加子,"Skogsstigen 4, 48354 Gävle",0877625471,null
Nicholas Howard,"75190 Campbell Course Apt. 044, New Regina, PA 08635",0876450541,Dr.,Gunnarsson & Berntsson AB
Sarah Alvarado,"60204 Wallace Crescent Apt. 587, New Randyborough, AR 32482",0871038329,Dr.,石田食品株式会社
若松 里佳,"Idrottsgränd 45, 71611 Göteborg",0859097160
松本 春香,"Idrottsgatan 380, 37929 Malmö",0836656360,null
Ingvar Sundström,"Nygatan 67, 22821 Västerås",0878093179,Ms.
Jennifer Nolan,新潟県横浜市港南区大中4丁目12番1号 パレス油井770,0833200844
Katrina Swanson,"728 Lauren Fall, Lake Thomas, VT 85051",0833552212
Birgitta Isaksson,"513 Lee Underpass Suite 792, Knighttown, ND 22980",0897580385,null
Norman Ferguson,島根県横浜市青葉区日光20丁目21番20号 押上パレス459,0836843328
Kim Lewis,"416 Jacob Coves Suite 482, Martinborough, MT 87668",0873278492,null
Birgitta Lundström,"Skolvägen 43, 42025 Uppsala",0857340468
宇野 裕美子,栃木県多摩市太田ヶ谷32丁目24番3号 アーバン秋葉原254,0873092678,null,Erlandsson & Olsson AB
Monica Wilson,"Ängsvägen 605, 19406 Gävle",0873943510
Richard Bailey,北海道北区西浅草30丁目18番10号 松が谷ハイツ456,0891382928
Tracey Brown,"12542 James Street, Ellisfort, ID 27234",0894634731
Chelsea Logan,福井県横浜市栄区西神田7丁目20番11号 クレスト上高野793,0838758690,null
中村 淳,鹿児島県横浜市神奈川区西浅草40丁目26番6号,0852415882
Per Olsson,石川県八街市花川戸34丁目25番2号 パーク北上野293,0892029172
中津川 香織,"Kvarngatan 16, 54782 Helsingborg",0878883149
田中 康弘,"815 Miller Junction Suite 240, South Karenborough, LA 60776",0875852466,null
渡辺 太郎,"121 Philip Freeway Suite 719, Ramirezmouth, MI 45521",0833547625,null
Per Berglund,宮城県印旛郡栄町橋場16丁目1番19号 パーク神明内657,0839801697
Elsa Svensson,"2833 Hudson Fort Suite 184, Edwardside, NY 99822",0853746487,null
青山 幹,広島県台東区轟36丁目26番9号 所野アーバン848,0852211029
Elisabeth Gustafsson,"Skolgatan 458, 61134 Nyköping",0876834852,null
Nicole Escobar,"70236 Riley Harbor, Codymouth, HI 89220",0894724429
Maria Nilsson,鹿児島県香取郡多古町入谷38丁目1番10号,0875043220
高橋 拓真,"Industrivägen 864, 93991 Eskilstuna",0879776477
木村 翼,和歌山県小平市上野公園29丁目1番6号,0859093029,null
山口 知実,"USNS Cabrera, FPO AP 83587",0872332282
Dennis Shelton,"Ängsvägen 039, 99073 Stockholm",0895935642
吉本 康弘,"Bäckvägen 648, 11025 Sandviken",0852314429,null
Crystal Thompson,福井県文京区箭坪42丁目26番17号,0895933936
Rikard Eriksson,"Kyrkgränd 33, 47925 Stockholm",0895133132,Mr.,"George, Lopez and Smith"
山口 充,"Fabriksvägen 02, 80423 Helsingborg",0891812707,null,株式会社佐々木建設,660-41-7105
Steven Martinez,"61222 Jason Isle Apt. 506, Jefferyfort, PA 01901",0851541001
Josefine Persson,岐阜県我孫子市鶴ヶ丘1丁目4番9号 芝大門ハイツ105,0835020575
青田 七夏,"Parkvägen 32, 38628 Sundsvall",0893938001,Miss
Therese Lindqvist,"126 Cantu Lodge Suite 478, North Timothy, TN 97781",0875225274
Marianne Jonsson,"Storgatan 55, 14090 Landskrona",0878036860
渚 修平,"973 Jodi Estates Apt. 921, Stevenmouth, NV 25882",0834075673
Stephanie Lee,"Fabriksvägen 179, 61046 Gävle",0894504027,null,Jansson & Jönsson AB
渚 涼平,栃木県多摩市中宮祠20丁目15番6号,0857584783
Elisabet Linder,"8954 Michelle Terrace, North Kyle, KS 52882",0899284705
山岸 直子,秋田県日野市芝浦28丁目6番3号 長畑アーバン239,0851433513
山岸 舞,"991 Suarez Stream Apt. 427, West Danielmouth, RI 58671",0836733075,null
Marianne Augustsson,"6490 Megan Isle, New Steve, OK 82249",0832126510
笹田 裕樹,"PSC 5934, Box 5125, APO AE 18868",0854143837,null
山岸 篤司,"635 Thomas Circles, Katherineberg, CO 32331",0894810771,null
Katarina Olsson,"Gengatan 189, 76800 Karlstad",0831339433
Axel Andreasson,"Skolgatan 8, 23530 Lidköping",0858557748,null
Max Söderström,鳥取県豊島区脚折町32丁目10番7号,0879509607,Dr.,Larsson & Bergström HB
斉藤 知実,静岡県香取市三筋17丁目25番16号 大京町クレスト622,0895510235
Anna Eriksson,"Grantorget 06, 59192 Trollhättan",0897553968
小林 加奈,"Ekvägen 587, 92139 Motala",0852097019,Mr.,Jansson Johansson AB
Lisa Ortega,"1948 Matthew Summit Suite 920, Barbarafurt, WY 90123",0872913125,null,"Haynes, Reed and Stevens"
Julian Beltran,"01797 Mark Mills, Wilsonside, PA 10773",0859749409,Mr.
Inger Karlsson,"0264 Craig Club Suite 930, South Allison, PA 19191",0894867237
宇野 拓真,"Industrigatan 3, 76066 Eskilstuna",0873039949
Brian Johnson,"26967 Todd Road Suite 852, North Cameron, OR 11232",0837438974
Ingemar Karlsson,"Skolgatan 55, 81772 Västerås",0836263569,null,井高水産株式会社
石田 智也,"Skolvägen 85, 08587 Uddevalla",0875286951,null
Michael Day,福岡県葛飾区四区町14丁目5番3号 コート氏家新田510,0872095445
Robin Andersson,"202 Mills Lock Suite 401, North Christine, NY 33933",0879429990
井上 さゆり,"Järnvägsvägen 92, 64102 Västerås",0871814099
Theresa Jenkins DVM,"2918 Daryl Mountains Suite 943, Guerreroton, OH 80811",0873992030
Martin Andersson,"66589 Dylan Road, South Jorgechester, ND 42627",0834522687
Jan Sjöberg,奈良県八街市四区町7丁目20番11号 吾妻橋クレスト092,0874504196
Lars Karlsson,栃木県利島村土沢3丁目26番9号 パレス南郷屋242,0875665965
Katarina Larsson,"Fabriksvägen 0, 97179 Göteborg",0838059696
松本 晃,"7803 Doris Lakes Suite 133, Matthewmouth, MO 86096",0891527237
Göran Rosén,"Furuvägen 5, 49328 Skövde",0854108307,null
Kenneth Horn,"09292 Peters Estate Suite 087, Pennymouth, MO 19013",0899469574
Matthew Lopez,群馬県新宿区丸の内4丁目3番8号,0871548757
Peter Carlsson,群馬県印旛郡栄町高田馬場35丁目9番17号 コーポ東神田590,0878430423,null,Bradley Inc
Dr. Kimberly Carter,宮崎県川崎市中原区脚折29丁目20番3号 神明内パーク869,0873677725
Jose Cross Jr.,長野県横浜市泉区京橋29丁目19番8号,0898486326,Dr.
加藤 陽子,福岡県横浜市戸塚区上吉羽25丁目14番8号,0832123532,Dr.
松本 浩,滋賀県八丈島八丈町東上野40丁目19番8号 柿木沢パーク058,0852223143
Mason Eaton,"Unit 0899 Box 3088, DPO AP 89500",0854858020
Robert Moore,"Kvarngränd 305, 80736 Göteborg",0877139777,Dr.
Michael Richard,神奈川県新島村芝大門3丁目19番10号 シティ六番町339,0898036109
Lena Håkansson,滋賀県杉並区二つ室42丁目10番8号,0879680114,null,吉本水産合同会社
伊藤 浩,"Backtorget 4, 21639 Västerås",0872117314
Ashley Austin,"Industrigatan 885, 77601 Umeå",0876556760
Vilhelm Sandberg,"22306 Natalie Terrace Suite 964, Deborahstad, KS 93041",0894786234
Jonathan Levine,"938 Austin Course Apt. 680, Williamsview, SC 49243",0873429383,Mrs.,Rios-Hahn,259-47-2770
小泉 裕美子,"27241 Hector Street, South Keith, KY 59559",0897891774
三宅 翔太,"Industrigränd 9, 44636 Umeå",0831718747
Marie Eriksson,広島県小平市花島37丁目3番4号,0834412312,null,有限会社廣川建設,610-01-3131
Veronica Brown,宮城県練馬区勝どき20丁目19番14号 中宮祠コート509,0834700096
松本 加奈,愛媛県三鷹市柿木沢新田6丁目19番3号 コート西小来川811,0891484889,Mr.,Persson Molin AB,126-15-3409
John Karlsson,群馬県武蔵野市箭坪5丁目24番7号 三ノ輪パレス757,0895301781
青山 直樹,"Kvarnvägen 009, 01475 Kalmar",0879398578,null
Richard Powers,"09709 Smith Harbor, West Sergioshire, VA 69758",0858092833
John Lindgren,"18423 Pham Corners Suite 611, Port Kristen, TN 36301",0836380380
三宅 太一,"Skolstigen 4, 59969 Södertälje",0839741237
喜嶋 治,"Ängsvägen 5, 94322 Lund",0891422194,Miss
宇野 幹,"Strandgatan 7, 07368 Skellefteå",0839628430,null
Matilda Karlsson,"Bäcktorget 697, 92766 Luleå",0896030402
田中 真綾,島根県中央区小入18丁目8番13号 シャルム白金641,0835663477,Mrs.,Haynes-Park,541015-5542
Ricky Rodriguez,沖縄県長生郡一宮町上高野12丁目15番19号 パーク千塚465,0893857678
山岸 千代,"Ängsstigen 0, 08836 Karlskoga",0871575914
Javier Sosa,"83523 Winters Branch Suite 085, Jeremyton, PA 98395",0891422015,null
Ove Lindberg,"Parktorget 168, 98690 Motala",0833132664,null
Lisbeth Nilsson,東京都府中市豊町11丁目18番17号,0832753087,Mrs.
Dr. Jennifer Miller,"91757 Warren Road Suite 337, Port Linda, OK 20632",0871783021
井高 明美,"44322 Erin Gardens Suite 277, Jillianshire, CA 17574",0891526744
笹田 裕樹,青森県横浜市西区上広谷2丁目24番4号 シャルム上高野199,0852542692
Stefan Andersson,兵庫県武蔵野市柿木沢新田39丁目23番5号 芝浦アーバン842,0852424148
宇野 直子,"Åkergatan 56, 33054 Uppsala",0838211704
Jacqueline Miller,島根県山武市九段南2丁目27番14号,0876619839,Mrs.
Elisabeth Ivarsson,三重県横浜市南区東浅草13丁目24番5号 戸山ハイツ106,0894138017,null,Bergström Larsson AB
Lars Engström,熊本県西多摩郡檜原村所野4丁目6番17号,0859179508,null,Mays-Wilkins
Lauren Jackson,"103 Kyle Skyway, Port Bryan, MA 63483",0874743246
Göran Lindell,"792 Quinn Plaza Suite 468, Lake Tiffanyshire, TX 91066",0852129362
Rolf Löfgren,"Bäckvägen 37, 12954 Piteå",0832245027
Karl Åström,静岡県長生郡長柄町東大和町29丁目6番2号 所野クレスト911,0857217988,null,Larsson AB
Nancy Brown,静岡県日野市花川戸31丁目9番13号 パーク大中739,0893931648,null
Sheila Garcia,群馬県武蔵野市南赤田15丁目9番11号,0899880647
西之園 あすか,"78378 King Cliffs, Wadefort, AL 16141",0858022099,null,Andersson AB
Claes Björklund,"Åkervägen 97, 99836 Alingsås",0892720838,null
Misty Rasmussen,"80092 Jesse Lakes, Joannahaven, MO 24828",0896780558
Matilda Johansson,"Fabriksvägen 1, 89984 Skellefteå",0875203877
Martin Persson,"18405 Victor Mill, New Robertmouth, IN 99470",0833320464
Marie Johansson,"Ektorget 10, 78493 Sundsvall",0837754616
Mats Johansson,"1407 Christina Villages, West Anthonyfurt, OR 44007",0838425403,null
Maria Marquez,"2340 Patrick Key Apt. 101, East Kimberlyburgh, MT 45400",0837761396,Mr.
高橋 千代,"19061 Elaine Pine Suite 290, Willisview, ND 80746",0874048528
Margareta Nilsson,"PSC 2845, Box 7133, APO AE 43625",0894756755
Birgit Sjöberg,"166 Hubbard Route, Fitzpatrickfort, CO 45337",0839345638,Dr.
Austin Curry,"Skolstigen 62, 44835 Lidingö",0877010579
Anna Lindqvist,"Strandstigen 054, 66220 Sundsvall",0874441836
Olof Nilsson,兵庫県千代田区大京町33丁目27番7号,0895033863,null
William King,"Fabrikstorget 87, 08359 Gävle",0899131122,null
吉田 幹,"124 Steven Corners Apt. 650, New Williambury, ND 29773",0894573737
Ruth Benson,"Parkvägen 540, 44020 Linköping",0874849538
津田 治,東京都長生郡長南町麹町14丁目23番17号 今戸コート408,0832223526
Ida Björk,"Storvägen 240, 60458 Södertälje",0877502191,null
Elin Fredriksson,"Granvägen 33, 44558 Karlstad",0899635572,null,Terrell-Medina,534-74-7038
Charlotte Olsson,"04979 James Mews Suite 363, New Tina, MT 39896",0891933746
青山 美加子,"Skogsgatan 92, 12272 Piteå",0858980682,Mrs.
吉田 千代,"2511 Hopkins Light, West Lawrenceshire, GA 29079",0875770430,null
高橋 香織,大分県印西市西浅草30丁目24番20号 北青山シャルム692,0891711512
Stephen Parsons,"7248 Malone Summit Apt. 714, New Jamesberg, AZ 46385",0875807567,null
小林 篤司,長崎県羽村市鳥越18丁目25番1号 台場クレスト947,0835001779,null
Matthew Michael,"172 Rebecca Lodge Apt. 104, Lake Michael, SC 02767",0852637020
宮沢 充,山口県長生郡一宮町芝公園19丁目27番8号 アーバン花島727,0837535124,null
Michael Oskarsson,"104 Cole Trail, New Beth, MN 57631",0892878666
Chad Juarez,"02707 Matthew Harbor Apt. 844, Wrightmouth, MT 48140",0856095504
杉山 くみ子,"Storstigen 3, 79121 Lund",0876496102,Mr.
青田 春香,"Bäckgatan 014, 08428 Norrköping",0855843989,null
井高 美加子,青森県東村山市南赤田28丁目20番10号,0854978403
Scott Harper,"Asptorget 49, 49565 Borås",0833479212
高橋 涼平,長野県我孫子市芝公園41丁目23番17号 シティ氏家927,0899155249,null
Eric Andersson,"534 Aguirre Roads Apt. 491, South Laura, NE 93599",0857694102,null
桐山 晃,"Kvarnstigen 1, 04353 Luleå",0874284524,null,Gustafsson Ståhl AB
Katarina Karlsson,"Kyrkotorget 462, 22784 Varberg",0852599375
Erik Berg,福島県清瀬市幸手21丁目26番15号 戸塚町クレスト929,0858789259
工藤 香織,"554 Evans Crest Suite 431, Frankstad, WA 94014",0834173249
Mattias Nilsson,"Unit 2417 Box 8406, DPO AE 93519",0878812088
Margareta Larsson,岡山県町田市白金40丁目7番17号 コーポ権現堂602,0856215335
Andreas Jonsson,"Grantorget 853, 91689 Malmö",0858282342
Margit Larsson,熊本県新島村京橋26丁目16番14号 羽折町クレスト515,0898451834
Tyler Valdez,"31943 Freeman Ramp, Brandyborough, DE 22730",0877849560
Mr. Evan Mcclain PhD,"4880 Laurie Via, New Donaldberg, UT 86724",0898387934
石田 裕樹,"Björkvägen 63, 21919 Karlskrona",0838335711
若松 桃子,"93449 Clayton Haven, Strongtown, SD 43952",0837832149
加藤 聡太郎,"96594 Logan Loop Apt. 725, Ericberg, WA 00799",0855557910,null,合同会社高橋水産,055-02-9821
大垣 七夏,"73895 Shane Lodge Apt. 567, South Jenniferside, WY 18453",0894368042
中村 千代,"37269 Charles Extension, West Jonathan, ME 46610",0836816745,Mr.,Middleton-Hall
西之園 幹,長崎県横浜市泉区雷門42丁目15番17号 クレスト鳥越867,0897615661,null
Craig Leonard,"38124 Allen Tunnel, Michaelberg, AL 71366",0874870890
佐藤 真綾,"5583 Richards Unions Suite 603, Kennedyland, OH 38526",0894708761
坂本 浩,"95616 Cervantes Throughway Suite 722, Johnburgh, KS 36313",0858848940
Emma Jonsson,"020 Gordon Lodge Suite 205, Littlemouth, OH 07595",0836841472,Miss,Johansson AB
渚 太一,岩手県印旛郡本埜村東和町14丁目22番1号 渡辺アーバン488,0855589973
Lisa Dominguez,"Unit 2276 Box 4222, DPO AA 39763",0892125015
若松 零,兵庫県横浜市保土ケ谷区幸手15丁目13番11号,0838769933,Mr.
Michelle Martinez,兵庫県山武郡九十九里町五味ヶ谷9丁目4番6号 渡辺アーバン993,0831225662
Hans Danielsson,"PSC 1328, Box 6118, APO AA 28767",0855046859
Jennifer Carpenter,広島県江戸川区西川33丁目10番2号,0839234293
Gunhild Moberg,"9394 Barbara Forge Apt. 707, South Crystal, CT 92915",0897302320,null
Andreas Johansson,"15193 Tammy Well, Georgeview, MA 76908",0853302579
藤本 直人,岐阜県印西市猿楽町37丁目6番13号 シャルム中川崎566,0834492534
Elisabet Larsson,福岡県町田市入谷41丁目26番18号 パレス東神田448,0892065920,null
Astrid Lundqvist,"14127 Steven Mountain, East Russell, VA 50236",0857428894,null,"Sutton, Shelton and Boyd",323-62-3312
Nicholas Thomas,宮崎県長生郡睦沢町脚折町40丁目11番17号 アーバン上野公園890,0876059822,Dr.,Bergman Söderström AB
Karin Gunnarsson,"25473 Johnson Station, New Anthonystad, WV 86957",0837670259,null,木村建設株式会社
Eva Larsson,鳥取県新宿区箪笥町9丁目21番9号,0877426199
Carolina Josefsson,"83443 Huang Freeway Suite 976, Jacksonfurt, VA 46651",0899547975
Sean Reynolds,"Kyrktorget 3, 61456 Kalmar",0891659252
Michelle Snow,富山県千代田区天神島34丁目5番10号 ハイツ台場382,0836445085,Mr.,株式会社青田情報
Laura Glover,"4299 Livingston Lock, Garciafort, AR 31477",0835919590
Ronny Larsson,"Parktorget 365, 60788 Växjö",0835253224
Anders Andersson,"5294 Zimmerman Union, Duranton, WA 68219",0859725262,null
James Holland,鳥取県豊島区前弥六南町21丁目25番20号,0892443991
Oscar Hellström,"36384 Laura Corner, New Katrina, MI 94538",0897249344,null,Jensen HB
Kyle Rogers,"Skogsgatan 3, 47745 Norrköping",0897330649
佐々木 春香,"Björkvägen 0, 41935 Västerås",0898362358
Margareta Andersson,長野県あきる野市吾妻橋42丁目23番19号 コーポ戸山801,0891350481,null,合同会社伊藤情報
Gary Donaldson,北海道川崎市高津区美原町18丁目4番5号 吾妻橋クレスト097,0898163773
杉山 さゆり,"Industristigen 65, 49831 Stockholm",0852831425
Benjamin Stewart,"3833 Melton Landing, Port Courtneyton, CT 85534",0839859682,null,笹田情報合同会社
Elias Strömberg,北海道世田谷区美原町11丁目25番11号,0859370062
Travis Grant,"Aspvägen 952, 75069 Alingsås",0836704025
宮沢 桃子,"Aspvägen 41, 21069 Lund",0871397863,null
Birgit Nilsson,"Skogsvägen 14, 23736 Linköping",0833643112
Kerstin Johnsson,熊本県板橋区外神田35丁目4番8号,0879859959,Dr.
加藤 加奈,"7923 John Manors Apt. 549, West Kimberly, NE 79146",0894587462,null,Eriksson Karlsson AB
渡辺 舞,"8826 Martin Plain Apt. 346, West Richard, AL 10825",0833333282,null,Gutierrez Inc
John Martin,東京都中央区下吉羽26丁目15番8号 太田ヶ谷アーバン614,0834813248,Mrs.
Andrew Lewis,"Parkgatan 66, 34219 Uppsala",0839027970
宮沢 学,"Skogsstigen 778, 30603 Borlänge",0877918292
山岸 里佳,"84657 Burns Street, East Tamara, WV 55794",0856460486
Jennifer Sanders,"5113 Jessica Hill Apt. 016, Davidchester, DC 92320",0851841353,null,Nilsson & Eriksson AB
Jonathan Carroll,北海道中野区山中新田16丁目25番17号 シティ中三依380,0851124189,null,Friberg HB
Ingemar Aronsson,"551 James Vista Suite 097, New John, AL 28430",0857227147,Dr.,Lindgren Lindberg HB
原田 あすか,"52824 Dylan Meadows, Christinastad, FL 72576",0858834714,null,Gustafsson AB
Jesse Alexander,"Parkgatan 59, 19420 Linköping",0854671951,null,Isaksson & Börjesson AB
Göran Nordström,福井県横浜市港北区土沢8丁目15番4号,0856327415,Mrs.
吉田 翼,"Björkvägen 6, 53349 Uppsala",0872439350,null,Young LLC
Therese Gustafsson,徳島県富里市雷門18丁目10番12号 シティ西小来川223,0873458565,null,株式会社小林情報
山口 涼平,"4265 Cassandra Manors, Andreahaven, SD 90605",0874808379,Mrs.,"Kim, Smith and Flores",380912-8907
Mattias Wahlström,"Bäckstigen 9, 35592 Stockholm",0853209578
井上 浩,"233 Trujillo Ways, Hunterport, AL 57956",0892715175
Claire Espinoza,群馬県福生市中川崎39丁目1番14号 浅草橋シャルム367,0875627752
Patricia Nelson,"USS Mayo, FPO AA 01188",0898289704,null
Dawn Christensen,"9943 Watts Forge, Lopezfurt, HI 94796",0897046582,null
William English,新潟県山武市秋葉原2丁目27番20号,0857659975,null
Hanna Danielsson,"868 Black Keys Apt. 868, Hessland, AR 04661",0892409155
Kjell Sundberg,"Skolvägen 007, 62075 Södertälje",0899118246,null
Ashley Griffith,"72491 Rebecca Green, Williamstown, MO 22637",0877618843,null
山本 陽一,"44494 Wilson Ports Apt. 543, Port Victoriachester, AZ 92880",0832270073,Mrs.,Jonsson Eriksson HB,831011-4387
Stig Nilsson,"30829 Kristen Island, Julieville, NV 74712",0896205342,null,Hunt-Ramirez
Alice Ståhl,"Skolstigen 056, 94943 Lund",0835259175
松本 知実,"Industrigatan 72, 59972 Landskrona",0852575109,Dr.,合同会社大垣建設
Elisabeth Jonsson,"19756 Hart Lodge, Port Danielville, IL 00776",0859130730,null
John Morton,"Backgränd 4, 55765 Uppsala",0893738902,Miss
Morgan Hanna,"Ringtorget 871, 51641 Alingsås",0875242012,null,Jönsson & Lindström HB,401113-4980
Anna Persson,"2820 Katie Stravenue, Anthonyton, WA 62735",0874365821
Brian Davis,広島県川崎市宮前区九段南41丁目10番20号 コーポ高輪590,0892355752,null,"Good, Brown and Cooper",452-14-6676
野村 結衣,"3306 Anna Lake Apt. 080, East Cherylmouth, NY 98826",0892475048,null,Powers Ltd
山田 七夏,"725 Andrew Points, Amandahaven, KS 38638",0852577505
Anthony Hunt,高知県府中市西小来川5丁目13番17号,0873308033
津田 健一,栃木県川崎市高津区猿楽町41丁目7番5号 シャルム轟573,0879650715
Niklas Engström,"Furugatan 9, 82407 Nyköping",0871839684,Dr.
斉藤 知実,栃木県利島村中鉢石町25丁目10番10号 南郷屋クレスト995,0896127830
Karin Andersson,"32640 Aaron Port, East Kiarahaven, NM 84950",0855832851
Richard Estrada,"802 Moran Skyway, North Robertmouth, DE 75699",0838387420
Henrik Andersson,"89117 Hicks Greens Apt. 568, South Sierraville, WY 08878",0876230923
井高 零,島根県町田市轟27丁目15番20号 シャルム日比谷公園159,0856230230,null
Allan Åström,"93224 Heather Crossroad Apt. 783, South Keith, ND 79913",0899430165
Rebecca Thompson,福岡県文京区芝大門8丁目16番16号,0891137756
Stephanie Moss,"0963 Amanda Isle Apt. 500, Walkerville, VT 05269",0879465461,null,合同会社杉山食品,506-66-5376
Miss Alexa Leach,"760 John Gardens, Schmitttown, GA 99169",0835172650,Mr.
原田 知実,"5689 Bullock Lodge, East Sherry, KS 90793",0837296347
Ingemar Nyström,"Idrottsstigen 475, 39196 Mölndal",0894029905,null,Molina Inc
田中 陽子,長野県富津市方京5丁目22番15号 コート柿木沢129,0858904494
小泉 裕美子,"35623 Rosales Mount Suite 785, South Jeffrey, IL 17096",0833548708
Gustaf Johansson,"45070 Christian Forges, Erikaview, DE 23216",0859698059
三宅 裕太,秋田県川崎市川崎区白金8丁目17番14号,0831017136
山田 陽一,"997 Daniel Plaza, Leslieborough, IL 04913",0857368745,null
Christina Nyberg,"47448 Elizabeth Square Apt. 842, Wayneview, WI 18305",0892274229,null,Andersson Sandström HB
Chase Snow,"549 Hannah Cliffs Suite 981, Kimberlyview, IN 75642",0877674513,Mr.
江古田 加奈,"Stationsstigen 312, 60413 Alingsås",0897451742,null,Johansson Boström HB
工藤 春香,石川県新宿区羽折町22丁目5番6号,0858532034,null
Amanda Stephenson,"Järnvägsgränd 813, 11206 Trelleborg",0858657721
山口 裕太,長崎県杉並区猿楽町7丁目11番2号 クレスト戸塚町551,0851633949
山田 裕美子,長崎県長生郡長柄町氏家42丁目27番20号 氏家アーバン755,0894641216
廣川 あすか,"Strandgatan 2, 46150 Umeå",0892978893
廣川 翼,長野県香取郡東庄町西神田41丁目12番3号 シティ北上野066,0893641094
青田 明美,"Parkvägen 2, 98778 Falun",0897295287,null
小泉 桃子,"4402 Williams Loaf Apt. 618, New Kelly, MO 35763",0897234083
井上 裕美子,"9555 Donna Lakes Apt. 000, Christineport, NM 30464",0879050576
Jonathan Hill,岡山県横浜市旭区竜泉13丁目8番10号,0833148380
Signe Jansson,秋田県新島村木立37丁目18番7号 シティ高田馬場002,0831168555,Mr.,Olausson Nilsson AB,012-33-7701
渚 亮介,"08275 Rangel Cove Suite 333, Port Donaldburgh, HI 98572",0873005900,null,Blom Lindblom HB,819-84-8984
Denise Butler,"Järnvägstorget 199, 27737 Gävle",0837963901,null
Mikael Larsson,"60551 Marissa Wall, Joshuaton, GA 59550",0871569288
Helen Malone,"10017 Mary Rue Apt. 139, Jonathanhaven, OH 14371",0833226764,null,Coffey and Sons,636-79-9197
Berit Engström,"4984 Adam Valley Suite 429, West Tiffanyburgh, VT 16891",0897700468
鈴木 美加子,"1431 Julie Greens, Pattersonmouth, UT 14395",0832984931,null,宇野銀行有限会社
江古田 裕樹,大分県渋谷区柿木沢22丁目26番15号 土呂部アーバン498,0833875059
Sören Bengtsson,"88877 Collins Terrace Apt. 205, Burgessmouth, RI 54630",0871105126,null
Renee Walton,"77505 Jessica Corner, Barnettberg, CO 81755",0831745210
Sven Karlsson,"4170 Shelly Valleys Apt. 833, East Steven, VA 60845",0855278229
Diana Bolton,広島県新宿区西小来川19丁目6番1号 シャルム渡辺873,0875109234
Daniel Nguyen,"Kyrkotorget 51, 04754 Borlänge",0856677273,null
西之園 加奈,新潟県横浜市栄区小入36丁目25番2号 パーク氏家新田842,0855926930
Sheila Carson,"Ängsgränd 03, 95002 Alingsås",0899638967
Göran Andersson,"Skogsvägen 655, 12694 Sandviken",0873705146
Paul Svensson,"797 Nguyen Crest, East Samuel, AZ 02128",0879221502,Mr.,Wilson-Patton
Michael Romero,"Ängstorget 6, 01794 Eskilstuna",0855052145
Joakim Andersson,"7234 Meza Roads, Georgefort, SC 99253",0898249093,Mr.
山口 陽子,静岡県青梅市浅草橋20丁目3番8号 高田馬場クレスト260,0871160911,null
Anthony Salinas,高知県山武郡九十九里町丸の内ＪＰタワー41丁目3番15号,0894100225,null
若松 浩,群馬県利島村秋葉原37丁目19番14号,0832867896
藤本 亮介,"640 Wallace Hollow Suite 288, Markfurt, AL 88212",0878183640
中島 亮介,"9170 Yoder Crest, North Sean, NY 69252",0871393904
斉藤 翔太,"Ekgatan 2, 76373 Kristianstad",0858173175,Mrs.
Anna Andersson,香川県香取郡東庄町睦41丁目5番16号 シャルム上高野607,0879510357,null,Stewart PLC
Frida Andersson,滋賀県日野市細竹17丁目14番8号 氏家パレス271,0875977024
Stacey Taylor,"78065 Hardy Union Suite 244, West Stephaniefort, SC 44263",0851425741
Belinda Miller,"Järnvägsstigen 43, 73514 Skövde",0839667542,Mr.,Hansson HB
宇野 治,"Ringvägen 83, 41851 Mölndal",0831300335,null,Riley-Cabrera
Dylan Cole,"Backstigen 876, 53085 Borlänge",0894647123
野村 淳,"98852 Ronald Meadow Suite 389, Millerfort, NC 27004",0877708055,Mr.,"Wells, Jensen and Martin",900525-9750
若松 学,"Granvägen 06, 50740 Stockholm",0855682574
Edward Wright,"305 Caitlin Island Suite 511, Lake David, HI 41591",0836606079,null
Maria Johansson,沖縄県豊島区港南29丁目13番12号,0891163878
Aaron Manning,"68408 White Camp, Richardmouth, TX 62218",0859541921,Mr.,有限会社中津川食品
西之園 裕美子,"105 Marc Rest, Andersonhaven, CA 32787",0893237704
Elsa Olsson,"68625 Cabrera Creek, West Jamestown, AL 47197",0898165497,null
石田 和也,山梨県杉並区外国府間2丁目8番17号 卯の里コート779,0831032526,null
Maja Magnusson,"Skolvägen 519, 15110 Örebro",0893271824
Elisabet Pettersson,京都府横浜市旭区方京18丁目5番10号 クレスト太田ヶ谷330,0831447600
Kendra Allen,"857 Anthony Radial Apt. 128, East Matthew, OR 32873",0897271106,Dr.,Lindén AB,350108-9605
山本 康弘,"48379 Griffith Extension Suite 104, Matthewberg, IA 52121",0837271291
Lisa Fowler,京都府西東京市土呂部21丁目17番19号 クレスト吾妻橋212,0834652819
Kiara Curry,"3676 Hardin Key, Woodtown, NJ 67761",0833056137
Ulla-Britt Larsson,"Björkgatan 99, 98743 Eskilstuna",0897527512
Max Åberg,静岡県香取郡東庄町橋場8丁目5番18号,0895592193
Jan Andersson,"7564 Eric Station Suite 904, Port Lisatown, NJ 68473",0859961752
Anne Gill,大阪府袖ケ浦市千束5丁目5番7号 シャルム花川戸334,0875462139
Alison Miller,"46009 English Views Apt. 017, Warrenfurt, WI 76395",0851302969
Lawrence Zuniga,"6275 Burgess Ville, Jasonside, VT 97133",0839808783,null,若松電気合同会社,540427-0547
田中 加奈,"29477 Tonya Dale, Martinfort, WI 05053",0837334057
Marcus Scott,"Kvarngatan 0, 76352 Luleå",0857811196
Joel Bell,"13566 Stephen Ville, West Theresa, NM 24346",0894101255,null,"Myers, Greer and Rosario"
Anders Andersson,富山県千代田区雷門8丁目15番7号 ハイツ土呂部735,0837552155,null,Castillo Group
Julie Graham,"Bäckvägen 646, 14207 Sandviken",0895610023
Göran Johansson,"Ekstigen 85, 27096 Piteå",0892907530
木村 健一,"826 Fox Freeway, East Justin, RI 04241",0836645061,Dr.,株式会社小林水産,940725-5398
Birgitta Eriksson,愛知県町田市猿楽町27丁目16番1号,0874510217
加納 裕樹,"Aspgatan 56, 86328 Uppsala",0851276359,Mrs.
吉本 くみ子,"580 Bates Spurs Suite 009, East Teresastad, NJ 41152",0838190469
Destiny Stephens,"Kvarngränd 3, 00370 Karlskoga",0831315317
山本 亮介,大分県浦安市大京町13丁目3番2号 パレス渡辺610,0872978737
Kyle Cannon,富山県横浜市保土ケ谷区上広谷27丁目21番19号,0835772489
Eva Karlsson,静岡県国立市麹町25丁目2番11号 木立シティ398,0891113697,Dr.,Johansson & Axelsson AB,824-57-3753
Jennifer Morris,鹿児島県昭島市花島36丁目11番12号 シティ日比谷公園303,0897914863
Daniel Walker,"Grangatan 57, 29672 Trollhättan",0831286721
Robert Lynch,"Idrottsvägen 14, 80123 Skellefteå",0834272044,null
田辺 裕太,"691 Marshall Court, Erinview, OR 74602",0857337253,null
Ingemar Andersson,"0085 Robinson Glens, West Christinaland, MS 11391",0893482815
Lars Jansson,島根県中野区港南18丁目21番8号 アーバン手岡803,0878156968
桐山 太一,"3324 Cristian Lodge Apt. 084, Lake Frederickbury, ID 22997",0875126465,null,Bäckström Pålsson HB
Lisa Roach,"Parkstigen 82, 03486 Skövde",0835673444,null,Nilsson AB
Martin Danielsson,"53508 Owen Motorway Suite 285, Bowmanview, MA 60595",0871857914,Mr.,株式会社加藤情報,636-85-0342
浜田 あすか,鹿児島県川崎市宮前区白金41丁目11番6号 千束クレスト682,0896220998,null,株式会社坂本保険,871-64-8971
小泉 くみ子,"Ekvägen 3, 22123 Örnsköldsvik",0852679649,Dr.
Maria Johansson,鳥取県小平市蔵前19丁目23番9号 クレスト戸山485,0896186866,null
Lena Svensson,"Skolvägen 686, 49115 Östersund",0831643490
Anna Näslund,"1950 Chad Lock Suite 097, North James, UT 86488",0833600146
Sarah Baldwin,"Storvägen 470, 66830 Piteå",0851715173,null,Strand & Stenberg AB,638-52-8469
加藤 美加子,青森県長生郡長柄町高田馬場38丁目23番7号 箭坪クレスト110,0858033506
Mikael Nilsson,"2624 Nelson Trail, Port Sheila, IL 52915",0875077503,null,Svensson Engström AB
鈴木 加奈,"Aspvägen 845, 62785 Eskilstuna",0857597679
宇野 翔太,"7690 Guerrero Freeway Suite 024, West Randyville, PA 71941",0875120808,Mr.
Stig Olsson,"0482 Fischer Run, Rogersbury, CA 69694",0872875556,Mr.
Joseph Browning,長野県板橋区油井8丁目16番8号 入谷パレス782,0835352761,null
田中 くみ子,"Backtorget 08, 05283 Kalmar",0878772576,null
Pia Holmqvist,佐賀県三鷹市百村10丁目13番9号 コート西浅草795,0834397822
坂本 桃子,"7903 Courtney Ridges Apt. 392, Normantown, IN 97071",0891809058
Ingemar Malm,"810 Amy Park Apt. 639, Ryanhaven, IA 82028",0857878581,Mr.
Sten Söderström,"60284 Coleman Shoals Apt. 848, North Christopher, TN 97535",0873738595
Rachel Curtis,"Furugatan 348, 04175 Lund",0835002933
Jon Washington,"PSC 2000, Box 6500, APO AP 31433",0832378801,null,Lindgren HB,539-74-2799
Margareta Johansson,神奈川県東大和市東神田15丁目18番17号,0832454949
松本 裕太,"Björkgatan 0, 54556 Halmstad",0855597521,Mr.
William Clark,"305 Shannon Trace, New Mark, NV 90186",0872678838
Andrew Morgan,徳島県横浜市磯子区上野桜木36丁目11番12号 富久町パレス673,0856426224
江古田 翼,大分県調布市西浅草26丁目14番18号,0855950863
Paul Estrada,"Kvarnvägen 191, 57150 Falun",0895874265
Sharon Cummings,"Villavägen 89, 56659 Lidingö",0877487072
Margit Gustafsson,新潟県三鷹市中小来川26丁目23番9号 コーポ無栗屋729,0879667437
Zachary Castillo,"Ängsgatan 4, 09675 Södertälje",0874892083
Karl Danielsson,福島県横浜市西区入谷39丁目11番5号,0833551241,null,合同会社中津川情報
Ruben Palmer,"Ringgatan 133, 66388 Mölndal",0839024290,null
Kelli Dominguez,"3951 Jimenez Vista, Matthewshire, TN 27058",0875156829
Aaron Freeman,群馬県昭島市油井36丁目23番20号 パレス虎ノ門297,0832324257,Dr.
Edvard Gustafsson,"4823 David Tunnel Apt. 041, South Daniel, WI 25604",0859559483
原田 篤司,岐阜県山武郡芝山町前弥六南町14丁目9番2号 クレスト橋場508,0838034377
工藤 稔,"Strandtorget 3, 32022 Halmstad",0854355933
Cody Lang,"Bäckvägen 22, 98860 Nyköping",0853332612,null,工藤通信合同会社
松本 知実,"7540 Larry Way, Port Dennisport, IL 43648",0875948120
Amber Hernandez,滋賀県横浜市青葉区白金台32丁目11番5号 上野公園ハイツ494,0872470739
Håkan Nilsson,"Kyrkgränd 083, 38883 Södertälje",0879529642
Ingrid Larsson,"Aspstigen 3, 45206 Nyköping",0877321548,Mr.
Stig Andersson,"Stationsvägen 5, 02608 Linköping",0871909461,Dr.
山岸 あすか,佐賀県羽村市戸塚町31丁目17番4号 竜泉パレス397,0892896876
Devon Cobb,"52308 Richard Run, Ethanchester, RI 86653",0896659841
西之園 舞,北海道御蔵島村湯宮11丁目14番10号 中川崎アーバン165,0839571177
笹田 晃,"Kvarnvägen 35, 13629 Lidköping",0878112997
Hans Månsson,鳥取県稲城市蟇沼24丁目25番14号,0833276326,null
Viola Johansson,"3719 Lewis Rapids, South Jorge, IL 76086",0892202066
Brandi Benson,"Ängsgatan 755, 00032 Linköping",0895156073,Mrs.
工藤 篤司,"Nyvägen 834, 24304 Örebro",0855137407,null
中村 裕樹,"0187 Catherine Valley, West Victoria, MS 95365",0836681587,null
Eva Johansson,"4275 Hill Knolls Suite 058, Molinaside, ND 11875",0899673194
Donald Baxter,和歌山県小平市上野桜木7丁目12番5号 コーポ蟇沼597,0834172627
Kelsey Wells,"1120 Henderson View Apt. 467, East Lindamouth, NE 17557",0899516282,null,Madden Group
Donald Williams,岡山県横浜市瀬谷区芝公園27丁目27番16号 卯の里クレスト011,0838158900,null
野村 舞,"Backtorget 092, 41598 Helsingborg",0878155539
Eva Karlsson,"8571 Anna Causeway, Davisview, VA 63525",0832393353
鈴木 千代,"1455 Robinson Hill, Cunninghamchester, PA 61767",0837232636
Arvid Berglund,"718 Marvin Shore, Robertchester, ID 66526",0891612609,Mr.,中島通信合同会社
Jessica Allen,"Skolvägen 85, 32683 Trelleborg",0852108097
Leslie Wagner,"Fabriksgränd 309, 57382 Örnsköldsvik",0896465143
山本 明美,"0882 Robert Stream, Bryantport, MI 41784",0839624872
大垣 加奈,"6004 Welch Station, Laurenville, WA 30436",0835140016
江古田 桃子,"Unit 9755 Box 0233, DPO AA 10977",0894524318,null,Smith-Vasquez
石田 治,宮崎県印旛郡栄町台場12丁目24番19号 津久戸町クレスト676,0854738726
Craig Smith,"855 Lawrence Pass Apt. 780, Nicholsonshire, CT 04233",0872924891
Lennart Hermansson,"47470 William Lane, South Jennifer, AK 60668",0891416834,null
David Sanchez,"9981 Garcia Summit, Alvarezburgh, NY 38317",0872213195,Dr.
Patricia Crawford,神奈川県品川区港南32丁目12番11号 中三依パレス090,0878050005,Dr.
Brandy Santana,静岡県八千代市日光13丁目27番18号 コーポ卯の里478,0835973763
青山 零,"Kvarngränd 97, 54072 Borlänge",0875365972
Randall Hamilton,栃木県浦安市中小来川25丁目13番1号 日本堤アーバン913,0833994966,null,合同会社桐山電気
Mikael Sundberg,岐阜県福生市鳥越35丁目22番1号 豊町コーポ941,0858349763
Grace Rodriguez,神奈川県足立区秋葉原8丁目21番13号 コート豊町763,0891171952
西之園 桃子,"836 Teresa Ways Suite 306, South Katherine, OR 28024",0839269657
小林 七夏,長野県江戸川区池之端18丁目14番10号,0879591356,null,Richardson Inc
Thomas Hunter,"Trädgårdsvägen 548, 12178 Växjö",0899910326
Robert Murphy,"Ängsgränd 440, 74915 Halmstad",0874007446,Dr.,Jimenez-Scott,590-24-7963
斉藤 翔太,"42757 Dustin Walk, Brianborough, OH 25416",0837411340,Mrs.
浜田 淳,"Storvägen 6, 15953 Örebro",0879312046
Jens Magnusson,"0948 Robinson Neck, New Natalie, NV 40370",0835580024,null
野村 淳,青森県川崎市幸区南赤田5丁目22番2号,0852211884
石田 直人,"Furugatan 9, 33499 Karlskrona",0833951549,Dr.
桐山 学,岡山県足立区湯宮18丁目14番1号 鳥越コート047,0836213504,null,Flores-Jackson
藤本 稔,"32276 Stephens Viaduct, Lake Edgar, SC 41426",0871918148,null
Johanna Lundmark,青森県利島村西関宿20丁目11番2号 日本堤シャルム218,0852558073
青山 桃子,福岡県横浜市保土ケ谷区大中33丁目16番18号 コーポ今戸594,0891427668,null
Gunnar Nilsson,北海道山武郡九十九里町四区町14丁目1番4号,0859726421,null,宮沢ガス有限会社
Michael Richardson,"4704 Shannon Island Suite 668, East Benjamin, MA 48535",0839986571
中島 翔太,"27281 Patrick Place Apt. 447, Hallville, CO 33581",0855632264
中島 陽子,和歌山県長生郡長南町港南33丁目14番11号,0894140230
Adam Pena,佐賀県御蔵島村権現堂16丁目14番13号,0854009862,Mr.
Birgit Andersson,"Strandvägen 923, 49457 Landskrona",0892783321
Doris Josefsson,"4782 Kemp Ports Suite 735, Port Kathrynberg, MT 33237",0892322794
Kara Lewis,"Industrigatan 07, 40462 Landskrona",0834207895
Johan Karlsson,青森県国分寺市鳥越2丁目8番11号,0837663376
Sven Olsson,"653 Chandler Stravenue, South Amandachester, KY 43905",0894824137,null
Helen Copeland,長崎県三鷹市橋場25丁目20番18号 脚折コーポ195,0874337055,Dr.
John Chapman,"Industristigen 0, 37064 Umeå",0892331102,null,Johansson & Karlsson HB
Anna Pettersson,"43111 Kenneth Trafficway, East Franciscotown, ME 84043",0893316248,Mr.,Chaney-Petersen
吉田 翔太,"Kyrktorget 756, 17111 Eskilstuna",0893812470
Jeremy Lucas,佐賀県西多摩郡日の出町北青山17丁目23番13号 日比谷公園コート331,0838334093
原田 七夏,"Furugränd 233, 65093 Luleå",0854842996,null,佐々木電気株式会社
小林 裕樹,青森県川崎市多摩区横林21丁目9番2号,0875103022,null,Friberg Svensson AB
Joshua Bush,"0398 Matthews Ville Apt. 533, Nicolefort, AR 47359",0852405827,Mr.,有限会社加藤通信
Dr. Cassie Harris,"92063 Frazier Turnpike, Williamchester, CT 84174",0836291043
Stefan Andersson,"Industrigränd 96, 61516 Stockholm",0835694115,Mr.,渡辺銀行株式会社
Yvonne Petersson,長野県川崎市中原区四番町20丁目8番20号 コート浅草橋335,0896097423,null
Taylor Wise,和歌山県横浜市瀬谷区明石町23丁目19番15号,0896854036
Karl Axelsson,"USNV Smith, FPO AE 85384",0892138010
Michael Wheeler,"2658 Riley Light, Lake Makaylaborough, NH 40599",0857025540
Louise Åberg,香川県羽村市蟇沼5丁目23番11号 中小来川ハイツ170,0857200980
Johannes Lindahl,"Björkvägen 9, 04223 Kristianstad",0833642609,Dr.
Alexandra Howard MD,"57325 Hamilton Corners Suite 901, North Jasonchester, WV 78432",0859077675,Mr.
井上 春香,島根県台東区湯宮42丁目11番5号 中宮祠アーバン495,0877910469,null,Olsson AB
Ebony Williams,高知県八千代市雷門2丁目9番3号,0833272980,null,"Briggs, Snyder and Smith",273-51-1727
Anna Jansson,"2424 Monroe Shores, Stephenburgh, DE 49701",0853358657
小林 花子,"4107 Jones Viaduct Suite 863, Port Georgeland, HI 60571",0852048190
Jonas Svensson,石川県板橋区松石42丁目13番19号 ハイツ隼町789,0836545576
John Hensley,"Ekvägen 2, 82426 Jönköping",0835268847
Karen Gordon,岡山県南房総市津久戸町28丁目11番17号,0872847761,null,加藤水産株式会社
Hanna Eriksson,"360 Joshua Road, Ianchester, CA 05831",0897190683,null
Elisabeth Bergström,滋賀県印西市猿楽町31丁目2番13号 アーバン鍛冶ケ沢563,0872084891,null
Birgitta Jansson,"Järnvägsstigen 7, 11825 Kalmar",0876613825,null,Karlsson AB,681-79-9315
西之園 零,茨城県江東区木立40丁目17番17号 アーバン四番町607,0835214621
工藤 桃子,"Parkgatan 03, 20410 Östersund",0857421949,null
Betty Cox,青森県三鷹市柿木沢24丁目26番18号 脚折町シャルム980,0837669303,null
Leif Engström,"770 Perry Union, East Luis, VT 19043",0892618403,null
Devin Mccall,"Järnvägsvägen 247, 26763 Örebro",0876488796
Roland Lundqvist,"26787 Krause Mill, New Noahshire, AR 48849",0895987738
山本 知実,"1168 Harrell Spurs Suite 739, North Emma, NY 26561",0852371889,null,Hansson HB,510327-5128
山口 くみ子,新潟県小笠原村脚折町16丁目19番5号 クレスト無栗屋667,0893458431
田辺 美加子,"Kyrkvägen 3, 93819 Skellefteå",0875869169,null
Ernst Lindström,"Kyrktorget 81, 79071 Alingsås",0839509554
Mikael Andersson,京都府夷隅郡大多喜町六番町23丁目10番3号,0831575960
Johannes Lindén,"Järnvägsgatan 859, 43863 Sundsvall",0893400384
山本 香織,"Grangatan 120, 97560 Östersund",0832106424
Ingeborg Samuelsson,"638 Debbie Greens, Connieville, MA 66760",0833264586,null,Jakobsson AB
西之園 英樹,福井県江東区西関宿13丁目18番16号 コーポ細野216,0874366514,null,"Burns, Allen and Lynn"
Megan Peters,"Grantorget 53, 62175 Göteborg",0832366189,Dr.
中島 拓真,"2729 Jerry Forest, West Michael, CO 89252",0854281221
Elin Nilsson,"Industrigränd 823, 70121 Västerås",0838855334
加藤 英樹,"76445 Richards Springs, Port Tonychester, WI 37839",0892133083,Mr.
Maria Sundström,"Backstigen 9, 87462 Nyköping",0892798206
Rebecca Dean,"Granvägen 246, 36066 Göteborg",0876648896,null
Taylor Torres,"Unit 0190 Box 8678, DPO AP 84267",0871509560,null,藤本ガス合同会社,432-66-7808
Inger Svensson,"968 Victor Freeway, Ryanchester, HI 41353",0898518118
Samantha Ross,青森県府中市戸山14丁目4番16号 高輪シャルム962,0877036368,null,Oskarsson & Eriksson AB,990314-2678
Elisabet Berntsson,岐阜県川崎市川崎区上野桜木13丁目2番1号,0891033844,null,工藤銀行合同会社,950430-3174
Brian Watts,"211 Mary Orchard, Lake Tyler, LA 00650",0897075798
Wayne Jackson,"Stationstorget 50, 50197 Piteå",0895819035,null
Cody Morales,"Idrottsstigen 66, 76825 Borlänge",0872910716,Dr.
Gustaf Nyström,徳島県山武郡九十九里町池之端11丁目26番3号 平河町クレスト751,0831206136,null,Ray-Lane,789-37-4938
Lars Gustafsson,"895 Lowe Trail, West Jacob, PA 45967",0837794661
Eva Hermansson,新潟県袖ケ浦市白金台13丁目18番14号 手岡シティ822,0832946944
加藤 花子,"912 Kristina Highway Apt. 461, Adamsborough, VT 39156",0856351711
Patricia Todd,大分県国分寺市三筋25丁目18番16号,0877305657
Daniel Martin,"Backtorget 633, 37663 Göteborg",0839127857,null
Edvard Sundström,"326 Willie Loop, Lake Ericatown, MN 67568",0876511752,Mrs.
三宅 加奈,"06774 Joshua Pass, Glennfurt, IN 75016",0879356729
田辺 千代,"Nytorget 2, 59923 Västerås",0879492790
Carol Campbell,福岡県西東京市白金34丁目1番4号 百村パレス179,0891825318,Mr.
桐山 結衣,"561 Victor Wells, New Savannah, OK 08919",0858581858
Anita Perez,"PSC 0665, Box 2958, APO AE 92196",0896055784
Jason Parsons,京都府長生郡睦沢町一ツ橋36丁目4番18号,0834822757
Bo Johansson,"Villavägen 654, 40727 Malmö",0858422491,null,Larsson Persson HB
Aina Abrahamsson,"Skolstigen 2, 61585 Borlänge",0834288654
近藤 真綾,"Björkgatan 190, 89504 Linköping",0837832577
小林 治,"Furuvägen 573, 92934 Örnsköldsvik",0877911595
Pamela Pratt,"Unit 7697 Box 8155, DPO AA 41288",0857935866,null
Jacob Mitchell,"Idrottsvägen 56, 11031 Sandviken",0832429832,Dr.
Åke Johansson,長野県利島村幸手3丁目19番6号,0876837506
Ryan Manning,"Trädgårdsstigen 812, 94609 Piteå",0833457179
木村 篤司,"Industrigatan 25, 70745 Luleå",0897052188
Sarah Garcia,京都府東大和市今戸37丁目17番19号 北上野シャルム461,0894488192
喜嶋 あすか,兵庫県夷隅郡御宿町今戸8丁目22番3号 芝浦シティ768,0836355747,null
Ethan Johnson,"51462 Fowler Wells, Josephfort, NE 54702",0873242858,null,Axelsson & Arvidsson HB
Birgitta Eriksson,高知県八街市天神島22丁目25番2号 土呂部アーバン009,0836050189,Dr.
Tammie Woods,埼玉県横浜市戸塚区下宇和田13丁目3番14号 中川崎コート877,0895851248
Peter Ståhl,"Villagränd 415, 59918 Östersund",0876164007
Greg Jackson,"Åkervägen 909, 90701 Malmö",0878115065
Britt-Marie Persson,"8746 Reed Shoal Apt. 746, Munozland, WA 48857",0877357581
桐山 直子,"94697 Lane Ports Apt. 022, Richardside, DE 64909",0838063444,null
田辺 学,"Furugatan 6, 29257 Norrköping",0832433905
Sven Karlsson,"Trädgårdsgatan 6, 92278 Piteå",0894910094
Tracy Long,"Furugatan 035, 21051 Uddevalla",0839401019
Henrik Nilsson,山形県板橋区西浅草2丁目20番14号 パレス竜泉077,0839355062,null,"Colon, Olson and Ryan"
Jamie Herman,"Storvägen 97, 33176 Halmstad",0897483450
佐藤 結衣,"07853 Bell Island, Eatonstad, WY 01720",0852385719
宇野 七夏,愛媛県小平市横林19丁目18番17号 パーク西川638,0871273826,Mr.,Norman-Rogers,850-70-8101
Jimmy Andersson,"Stationstorget 62, 26509 Trelleborg",0839784495
Timothy Lewis,"Nyvägen 3, 61640 Borlänge",0852952659
中島 くみ子,茨城県長生郡一宮町細竹6丁目15番5号 コーポ独鈷沢301,0891810635
松本 聡太郎,高知県川崎市幸区湯宮34丁目15番17号 パーク藤金393,0856922936,Mrs.
Elisabeth Eklund,岩手県浦安市雷門4丁目23番7号 南赤田コーポ923,0858242835,null,加藤通信有限会社
木村 京助,"Furugränd 4, 30891 Kalmar",0857172886,null,"Hall, Nash and Wilson"
笹田 春香,群馬県横浜市旭区権現堂22丁目7番12号 シティ松浦町355,0832141573,null
Julie Graham,島根県横浜市戸塚区白金台22丁目16番16号 中宮祠パーク770,0839439824,null
Gregg Charles,"90012 Miller Plaza, Troystad, CO 24102",0831557193
Brita Åkesson,広島県豊島区勝どき31丁目1番16号 パーク土沢506,0853927293
Christine Rodriguez,"817 Foster Shoals Apt. 492, Port Christianfurt, LA 03383",0872235146
Gunnar Eriksson,沖縄県墨田区下宇和田20丁目13番10号 パーク日光844,0855924915,null,"Serrano, Edwards and Sullivan"
Jamie Cooper,"8927 Nathaniel Freeway Apt. 971, Robertstad, NJ 78648",0871932984
Alexander Karlsson,岡山県香取郡神崎町幸手30丁目12番8号 幸手コーポ298,0836971358
田中 浩,"26721 Martinez Lights, Joyceberg, GA 10576",0898841668
Max Svensson,鹿児島県横浜市南区手岡36丁目22番10号 京橋ハイツ002,0893736748,Mrs.,合同会社小泉農林
Robert Werner,鳥取県富津市太田ヶ谷8丁目25番10号 箭坪シャルム096,0833083000,Ms.
Timothy Becker,滋賀県渋谷区竜泉38丁目7番11号,0839206027
Jeffrey Lopez,"Granvägen 165, 43632 Norrköping",0871382958,null
Kent Svensson,"Kvarnvägen 63, 93748 Östersund",0874051676
Dagny Berg,"Järnvägsstigen 2, 45116 Uddevalla",0877014051,null
木村 桃子,北海道港区中川崎1丁目13番8号 シティ東三島920,0858549180
松本 くみ子,福岡県福生市明石町29丁目3番4号,0892282339
Catharina Nilsson,栃木県香取市山中新田15丁目15番14号 コート押上956,0859848452
Karl Malm,"380 Janice Walks Suite 803, Kathleenville, NY 36403",0873523474,Mr.
Matthew Gibbs,広島県横浜市泉区中鉢石町25丁目11番4号,0873306743,null,Williams-Luna
石田 千代,"7260 William Locks, Lake Frederick, TX 80890",0835884592,Dr.,Johnsson & Eriksson HB
Sandra Morales,"Industrigatan 935, 27324 Södertälje",0831701591,null,Rogers-Small,074-61-3546
三宅 修平,"81324 Wilson Estate Suite 714, West Mikeside, ND 20331",0854934359,null,Karlsson AB
原田 康弘,"Nygatan 2, 35339 Trelleborg",0873744562
Alejandro Bowman,"Industrivägen 225, 77257 Uddevalla",0831391712,null
Maria Olsson,"Fabriksvägen 5, 76017 Östersund",0859472290,Dr.,Henriksson AB
Kerstin Svensson,"Grantorget 689, 24097 Karlstad",0859590652,null,合同会社藤本運輸
杉山 知実,"0885 Laura Heights, Port Chelseaton, KY 71107",0856105334
近藤 淳,"66170 Philip Turnpike Suite 461, East Jessicaborough, WY 20965",0871933856
Karl Olsson,宮崎県夷隅郡御宿町外国府間34丁目7番6号 クレスト油井265,0893020702,null,Smith Inc
Rebecca Williams,"428 Kristopher Pines, Port Kathrynmouth, SD 52088",0836872460,Ms.,喜嶋銀行合同会社
Zachary Rivera,"Aspvägen 85, 57504 Östersund",0894572267,Mr.,"Butler, Thompson and Downs",138-01-0392
江古田 裕美子,"04667 Hayes Streets, Andersonshire, WY 05697",0876794065
Tara Fisher,秋田県町田市秋葉原9丁目5番9号,0879964488
Axel Johansson,"Storvägen 37, 80363 Västerås",0872740442
Maria Ramos,"1316 Wendy Points, Leefort, PA 73917",0837090546
Fredrik Löfgren,東京都長生郡長生村戸島32丁目16番11号 竜泉シティ907,0856070125
山本 花子,秋田県香取郡神崎町上野公園16丁目13番16号 西小来川シティ674,0897772923,Dr.
William Huang,茨城県横浜市西区平須賀17丁目3番17号 パレス上野公園064,0859263618,Dr.
Ingeborg Persson,"Strandtorget 9, 39743 Umeå",0852346719,null
Tammy White,大阪府新島村鍛冶ケ沢41丁目19番1号 コーポ京橋613,0859391807
Kristina Pettersson,"Skolgatan 2, 44476 Skövde",0896665521,null
Robert Ortiz,"Parktorget 2, 93295 Södertälje",0873327375
Ingegerd Nilsson,"8117 Cross Flats, Port Steven, IN 96035",0877309437
工藤 裕樹,"Stationsvägen 7, 85319 Varberg",0892520590
佐藤 花子,"5068 Smith Camp, West Tammychester, IL 52111",0839096778
Danielle Hatfield,"1788 Heather Track, Christinehaven, NM 03298",0857594713
Ingela Dahlberg,"Aspgatan 6, 14694 Kalmar",0838722491
Victor Lundberg,大阪府横浜市青葉区池之端36丁目23番7号 コート油井231,0896666051,null,有限会社村山鉱業,267-17-5385
Asta Arvidsson,岩手県日野市花島4丁目20番2号,0894728367
Åke Gunnarsson,"Storvägen 05, 18169 Borlänge",0891749694
Erik Lund,"Skogstorget 67, 84290 Nyköping",0891860892
Gun Karlsson,"Furugränd 7, 41751 Borås",0891054798
松本 くみ子,"609 Julian Flat, Brookefurt, WI 19142",0832931198,null
杉山 裕樹,"Björkstigen 7, 39903 Lidköping",0897915928
小林 くみ子,"267 Ramirez Tunnel Apt. 213, New Alicia, MO 37177",0832908638,Mr.,Ekström HB,031-29-2276
Elisabet Boman,兵庫県川崎市川崎区西川41丁目2番6号 上高野パーク674,0857228624,null
Steven Tran,"816 David Plaza Suite 836, Port Donaldmouth, NC 69650",0859062093
Benny Svensson,"3608 Scott Tunnel, West Clayton, WA 73822",0875442764,null
Louise Nilsson,"4919 Joseph Orchard Apt. 939, Johnside, MA 82780",0896827210
Ingeborg Eriksson,福島県横浜市港北区千束17丁目5番12号 美原町コート328,0892271973
Jennifer Nelson,"PSC 4659, Box 0459, APO AA 83172",0837999805,null,Johansson HB,315-08-5864
Håkan Gustavsson,"Fabriksvägen 751, 60904 Alingsås",0836954645,Dr.
Maria Stewart,"Ringgränd 95, 54654 Stockholm",0879229576
Viola Håkansson,"54151 Christensen Lodge, East Jeffrey, WI 97360",0854299324
Sharon Barton,長崎県新島村五味ヶ谷7丁目5番7号 コーポ太田ヶ谷326,0853560310,null
Anita Haglund,"USNV Nelson, FPO AP 76932",0857277647,Mr.,渡辺情報株式会社
坂本 太一,"Ängsgränd 62, 04641 Trollhättan",0834711097
Christopher Morales,"8965 Barnes Park Apt. 700, Lake Jennyside, OH 79395",0894371528
渡辺 知実,"98183 Murphy Roads, New Charles, DC 63729",0833146592
喜嶋 舞,"Aspvägen 36, 60785 Östersund",0855067263
江古田 浩,岩手県長生郡一宮町卯の里17丁目4番17号 コート轟802,0859498224
Ingegerd Forsberg,"USCGC Rivera, FPO AE 16082",0896959205,Mr.,Garcia Inc
Marie Karlsson,"2229 Bauer Summit, Nathanside, SD 67638",0871539746,null
Joseph Johnson,"4069 Shelton Plains, North Bryan, HI 67043",0859507967,null
Donald Brooks,奈良県稲城市三筋34丁目9番11号,0871080263
Michael Page,"Björkstigen 043, 29952 Borlänge",0834547768
Lisa Smith,東京都調布市月島9丁目10番14号 手岡コーポ838,0875369356
Shaun Johnson,"48157 Turner Glens, West Ronald, VT 65453",0895537054
Carla Gonzalez,"68836 Ramirez Walk, Davidburgh, CA 49847",0892564597
John Persson,滋賀県印旛郡酒々井町吾妻橋14丁目2番15号 神明内シャルム915,0899767868
田辺 健一,岐阜県鴨川市土呂部27丁目26番1号 日比谷公園コート842,0873727868
Helen Petersson,"Kvarnstigen 808, 94303 Linköping",0873275270
工藤 さゆり,"Parkstigen 1, 91336 Kalmar",0853097592
Viktoria Johansson,千葉県印旛郡栄町無栗屋16丁目14番12号 手岡ハイツ769,0851566903
Marie Brown,"Aspstigen 481, 85071 Luleå",0859071407
Camilla Möller,"Bäckvägen 497, 65667 Linköping",0858155184,Dr.
喜嶋 くみ子,和歌山県横浜市神奈川区湯本塩原24丁目1番6号 竜泉パレス611,0896803328
Adam Ray,"378 Joshua Roads Apt. 639, Martinezton, WV 22347",0893822340
Hjalmar Eriksson,"631 Richard Village, Cervantesberg, DE 27394",0831391212,Mrs.,Stevenson PLC,330-44-7894
渡辺 香織,"Aspvägen 467, 00747 Kalmar",0836683642
Pia Lindström,"Kvarngatan 8, 83869 Borås",0838430533
Jamie Stewart,"Gengatan 2, 19473 Växjö",0837908029
Stephanie Glass,"23625 Donald Camp, Whitneyshire, WV 53795",0835839938,null
Nathan Glover,石川県江東区松浦町5丁目16番14号,0896989071
Vilhelm Nilsson,香川県港区中三依11丁目6番6号 前弥六アーバン276,0896369068,null
Malin Svensson,"Björktorget 5, 65286 Skellefteå",0898699326,Mr.
Karl Karlsson,"Villavägen 29, 06543 Umeå",0896685173,null,笹田銀行株式会社,842-16-4056
Amy Humphrey,東京都山武郡九十九里町西関宿38丁目19番15号,0892846555
津田 真綾,富山県文京区芝大門18丁目16番5号 平須賀クレスト377,0833446322,null
Robert Wagner,"Skolvägen 596, 56971 Lidköping",0897269240,null,斉藤食品株式会社
Kenneth Lowe,岡山県白井市天神島4丁目27番13号 シティ勝どき089,0877786121
