﻿Name,Address,Phone,Title,Company,ID
Mr. Stanley Law,"Flat 09, Rachael island, North Anne, KY83 9BB",+353833367924,Dr.
Mr. Jonathan Bowen,"Flat 53, Katy valley, Port Alextown, CF4E 3ZN",0878396672,Miss,Henderson and Sons,ZZ832059T
Elizabeth Bates-Turner,"Studio 6, Brian squares, Frostview, B1W 1EL",0857463502
Leanne Whittaker,"64 Vanessa corners, Knightfurt, M45 6QB",+353859974309,Ms.
Jean Carr,"Studio 28W, Sutton loaf, South Annette, TA3P 0ZU",0878182420
Karen Dickinson,"90 Shah forks, Eileenton, M8 6RX",0898438392
Suzanne Fleming-Howells,"8 Jemma lights, Baxtertown, M68 8YX",0854528560,Mr.,Saunders PLC
Harriet Phillips-Holland,"01 Robin well, North Cheryl, SG4A 5WS",0839326197
Danny Kennedy,"Flat 7, Tracy island, Flemingville, SY72 4PF",0855750187,Dr.,Rogers Group
Lee Lawrence,"Studio 68X, Richard squares, New Christianton, N72 3HJ",+353875518385
Dr. Terence Smith,"96 Rosie roads, Laurenmouth, E7 0UG",+353895249043
Jamie Moore,"Studio 86, Gray circles, Lake Jay, EX8 9DN",0899781552
Miss Kayleigh Lee,"4 Hill corner, South Dorothy, G09 2JE",0891184421
James Akhtar,"Studio 67T, Talbot square, New Barbaraview, E58 9PE",0898940281
Dr. Samuel Taylor,"Studio 2, Garner alley, New Donna, ME3V 9WP",0893622775
Miss Stacey Robinson,"46 Lawrence knolls, Brianport, BH21 6UL",0838236010
Simon Harrison,"Flat 24G, Joanne locks, Port Tracy, E5 3PQ",+353858909925
Ms. Mary Cox,"8 Patel extension, East Leahmouth, G4T 8QR",0877975632,Dr.
Colin Taylor-Bennett,"607 Nicholson squares, Port Gregoryhaven, EN6Y 4XE",0832866082
Paul Williams,"771 Lewis rapids, Lake Paula, SN8 4TP",+353851233905,Dr.
Mr. Leigh Parkes,"7 Farrell causeway, Blakeburgh, LE63 8LZ",+353895634620,Dr.
Mrs. Amanda Long,"Studio 29b, Georgina via, Teresaberg, L86 3BD",0858669837,Dr.
Geraldine Perry,"64 Clive prairie, New Eleanor, S5U 5PE",0854736745,Mr.
Brian Turnbull,"Studio 22, Lloyd groves, Maureenhaven, RH5N 5UN",+353833314283
Kyle Barber-Shaw,"Studio 92L, Richard forks, Ireneville, FK6 5YQ",+353893663351
Derek Marshall,"Studio 90G, John mount, North Joshshire, W1B 7EF",0878025266,Ms.
Mr. Harry Green,"Flat 93S, Thomas mountains, New Tina, BD2 1QA",+353839063424,Dr.,"King, Jones and Rose",ZZ 65 13 77 T
Jasmine Foster-Stevens,"60 Roberts valleys, East Lindabury, HX38 7GJ",0831586369
Joyce Barnes,"Flat 7, Gerard trail, East Hollie, WS5N 4ZQ",+353896962604
Clare Kent,"408 Kelly forges, Holliemouth, LN29 4ZU",+353857494239
Marcus Sharpe,"839 Houghton avenue, Fostermouth, M1B 8HT",0877462320,Dr.
Kayleigh Mason,"Studio 63, Sinclair route, Lake Carolborough, CT46 3DQ",0898222842,Mr.
Scott Harris-Davey,"08 Burton landing, Kirstychester, S1W 8TR",+353836359838
Katherine O'Brien,"Studio 9, Holland mews, Greenside, G6G 0JW",0873961160
Mr. Robin Evans,"217 Gregory place, West Jenna, N8A 7LR",+353878513522
Natasha King,"Flat 18, Beth throughway, Kingburgh, E55 5NU",+353875788371
Dr. Charlie Hart,"Flat 0, Rachel run, Gordonview, SM50 6JB",0895478129,Mr.
Olivia Perkins-Page,"12 Evans mountain, Port Olivia, S81 5NS",0837339083
Russell Morton-Hunter,"Studio 1, Shane curve, Ryantown, S62 2NA",0898511494
Gareth Dixon-Giles,"5 Lawrence hills, Bryantown, NN1V 3WQ",0897713423
Mr. Graeme Hartley,"719 Martin prairie, Chelsealand, E9 0FJ",0879603784,Mrs.
Maurice Savage-Farmer,"Studio 5, Danielle spring, Carlland, L7 5YB",0839104659,Mr.
Dr. Francesca Rowe,"Studio 9, Webb spurs, Howardbury, HU7 4HQ",+353899651953
Dr. Terry Gray,"8 Ellie fall, Donaldton, W6J 1NQ",0834365541
Douglas Lewis-Hayward,"Flat 9, Morton oval, Mortonside, GY2 2EA",0834552174,Ms.
Bethany Slater,"0 Bell divide, Port Lucyview, CR7 6AD",+353896516490
Matthew Wilkinson,"Flat 02, Hudson parks, Lake Stevenbury, B2D 6DD",0894490375
Tina Khan,"893 Lisa mount, Joetown, S9 2HY",0838748854,Mr.,Hamilton LLC,ZZ 09 01 73 T
David Rogers,"762 Henry falls, South Roy, KT1 6WH",0894616079
Adam Carr-Knowles,"68 Kirk skyway, New Joanchester, G40 7SP",+353837546690
Leslie Black,"Flat 0, Christopher lake, Jonesfort, SY72 5HG",0892179967
Brett Collins,"04 Ben mission, Toddmouth, W0 9RS",0893244839,Dr.
Jasmine Smith,"Studio 69, Mitchell mountain, Samview, W88 7JX",0898784380,Ms.
Olivia Turner-Roberts,"6 Billy inlet, Hurstbury, S8 1UY",0836945623,Mrs.,"Bell, Morris and Nicholls",ZZ224848T
Brian Khan,"Flat 3, David ramp, Timothymouth, CF96 1WF",0836316471
Simon Hill,"Studio 28T, Leah valleys, East Jeffreyhaven, N24 4GX",+353872817128
Steven Coates,"Studio 7, Stewart curve, Lake Gregorystad, PR54 4UE",0876599577
Lee Ali,"Flat 86D, Hugh crossroad, Collinstown, HA9P 0AD",+353837829129
Kim Bishop,"3 Riley unions, Blackstad, TA9R 8NL",+353898750269
Amanda Green,"87 Sylvia ville, Dobsonburgh, LS6 5JQ",0854513467,Mr.
Christian Robinson-Quinn,"0 Joseph heights, North Elizabethhaven, TS0 4SQ",+353837990955
Alice Gregory-Potts,"Flat 1, Parker flats, Gillianport, OX22 0YS",+353835310810
Sara Dennis,"Studio 67s, Kieran overpass, Jonesmouth, L7J 8RZ",+353859332334
Carolyn Long,"504 Cox spring, Leestad, N5H 7YQ",+353876481637
Jacob Cooper,"Studio 4, Humphries extensions, South Junemouth, B0 0XL",+353893956146
Aaron Jordan,"Studio 0, Katherine knolls, Jamieborough, HS7 7EP",+353872033895
Phillip Stephenson,"18 Rosemary station, New Geraldine, BA79 0FF",0894355847
Marcus Howard-Price,"Flat 9, Hope extension, South Sean, W1U 3AU",+353858936284
Dr. Leslie Turner,"241 Duncan parkway, Christianmouth, W46 5GZ",0838290549,Mr.,Davies LLC
Callum Shaw-Hewitt,"300 Parkes cove, New Brettshire, L9 9WB",0893805517
Mrs. Jayne Roberts,"Flat 16, Mary rest, South Terencefurt, M1A 9NY",+353839569463,Dr.,Ashton PLC,ZZ332792T
Jack Austin,"Studio 85m, Tom crossroad, Cherylville, DY27 9UF",0875927215
Dr. Susan Roberts,"Flat 38B, Ashleigh shores, Ruthborough, B3 5RY",0839257033
Nicola May,"Studio 86K, Paula hill, Port Graeme, DE8A 2EE",0874193915,Mr.,Garner-Allen
James Matthews,"Flat 2, Young mall, Robertbury, DG92 3EL",0879492767
Dr. Callum Smith,"Studio 1, Barlow plain, Charleneberg, E16 2HP",+353876943082
Patrick Lewis,"Studio 53, Parkinson shores, Amandaton, G1 1JZ",+353854183605
Elaine Brooks,"8 Cox port, Youngbury, TA9B 1JU",+353899662583
Shane Reynolds,"Flat 14t, Dale plains, Lake Claire, SL7 3HS",0877237909
Dr. George Potts,"9 Bryan roads, East Eileen, CO9 1QP",+353838530216,Mr.
Hilary Thomas,"69 Evans crescent, South Darrenshire, TR3 9NR",+353875997526
Holly Booth,"Studio 73, Alan vista, Turnermouth, SG58 6RE",+353831253708
Ms. Abbie Stevenson,"59 Emily turnpike, Matthewsfort, S0A 8WF",+353894252551
Ashleigh Jones-Taylor,"71 Taylor lock, Whitechester, FK49 4BF",+353893193254,Ms.,"White, Evans and Morgan"
Mrs. Hayley O'Neill,"64 Marcus manors, Maxhaven, DY59 5WY",+353852630361,Miss
Kelly Hill,"Flat 15A, Hollie valley, Jenkinsville, B7 3HZ",0896416240
Barbara Parsons,"00 Moore rest, Lake Anthonyfort, ZE6 4PJ",+353838548747
Ms. Paula Wallace,"590 Gill motorway, South Trevor, S1U 0ZB",0834017745,Mr.,Short-Spencer
Miss Marion Sheppard,"4 Green canyon, Leslieborough, B7 7UP",+353899493545
Sam Brown,"Flat 31l, Dean light, North Angela, WF6 7GS",+353858315281
Stacey Parry,"6 Oliver extension, Wilkinsonport, SY0R 6NU",+353871538543,Miss,Burke Ltd
Harriet Brown,"Studio 18k, Green shoals, Keithhaven, KY28 7ZG",0894855231,Mrs.,Newton-Norris
Ellie Jackson,"Studio 7, Jack islands, East Mary, W56 3QB",0836578840,Dr.
Dr. Gerald Robinson,"567 Douglas passage, Thomasberg, ST1 3ST",+353893668009
Brett Parsons,"Studio 65, Elliot parkways, West Anneville, B5 4WX",0839812191,Miss,"Watkins, Potts and Howard"
Ross Richards-Pritchard,"748 Hale mission, Lauraland, LD47 5HB",0899019238,Dr.
Dr. Damian Smith,"Studio 60X, Singh expressway, Huntfort, S7 6YJ",+353851261793,Dr.
Colin Cooper-Gregory,"Studio 86S, Price fort, New Vincentchester, B46 1GT",+353835006702
Frederick Davies,"Studio 2, Smith rue, Fisherport, E5 6AW",0851121903,Dr.,"Morgan, Griffiths and Bailey"
Graham Rhodes,"21 Richard cape, New Dale, AB0 2JU",0838459018
Danielle Morton,"7 Robert ferry, New Jayneport, N5F 4YS",0897211680
Dr. Molly Chambers,"Studio 37E, Peters drive, Lake Julia, M2E 2WT",0833065327,Mr.
Miss Harriet Jones,"Studio 06e, Hunter neck, Scottside, SK6 5GT",0836440269
Natasha Richardson,"Flat 0, Nicola vista, New Jeffreyport, B86 3HE",+353852080809
Janet Mitchell,"Flat 3, Emma mountain, Lewisbury, TS84 9BX",+353831351481,Dr.,Power Group
Terry Hyde,"Studio 00U, Holmes unions, Hazelport, E0 3XR",+353836545504
Douglas Mann,"Flat 3, Bethan haven, Sharonmouth, IV6P 5EG",0852186038,Mr.,Williams-O'Brien,ZZ 447026 T
Maria Reynolds,"Flat 4, Phillips street, Port Lesleymouth, B08 0RP",+353839496009
Samuel Davies,"Flat 2, Whitehead branch, East Jacobchester, W1W 0NT",0874815975,Dr.
Mr. Glen Wilson,"Studio 59b, Russell loaf, Smithmouth, CM8 8NA",+353876947464
Barbara Day-Fisher,"65 Collins pass, Robinsonmouth, ME4B 3DA",0858849471,Miss
Callum Baxter,"Flat 57, Jones crescent, Edwardsland, GU58 7QS",0837558251
Ms. Chelsea Sharp,"898 Booth cape, Jamiechester, ZE0 1FS",0897458409,Dr.,"Lee, McCarthy and Knight",ZZ 54 43 06 T
Danielle Hartley,"Flat 0, Ali curve, Port Mollystad, W63 1JU",0852008985
Dr. Frank Adams,"76 Joanne centers, New Louistown, G1K 2EB",0874207650,Ms.
Leslie Sullivan,"Studio 21, Wilson hollow, Port Lukestad, E1S 7UW",+353874512078,Dr.
Mrs. Tracey Gibbons,"97 Gavin viaduct, East Martynhaven, L57 4BW",+353833526562,Mrs.,Stewart Ltd
Dr. Iain Hughes,"981 Julia course, Richardsontown, B86 9TE",+353893649196
Dr. Graeme Hart,"808 Fiona burg, Lake Rosiefort, SL29 6RL",0877625497
Dr. Scott Little,"74 Robert cape, East Lesley, SM67 5UD",0872004784,Mr.,"Simpson, Dawson and Lowe"
Maurice Patel-Finch,"16 Thompson plaza, East Sylviaport, SK9X 9QR",+353854262990
Dr. Connor Cross,"Flat 49, McCarthy overpass, West Stacey, PE6H 4SH",0839759297,Dr.,"Barber, Watson and Skinner",ZZ 57 43 91 T
Abdul Owen,"Flat 3, Francis road, Port Gary, E8J 6FL",0855824440
Tom Spencer,"72 Matthew turnpike, North Kirsty, HA1 9TB",+353874942453
Samantha Patterson-Davies,"Flat 87d, Janice tunnel, East Vanessafort, L0H 8SU",0892087823
Kelly Sinclair,"8 Molly valleys, Dixonfort, S57 3XT",+353856396155
Dr. Dale Farrell,"Studio 5, Waters inlet, East Mohammed, LN8W 9AP",+353855087477,Mrs.,Patel-Jackson
Leanne Fox,"Flat 1, John fields, Reevesstad, G6D 6BE",0877196974
Dr. Ruth Fox,"Studio 97l, McCarthy isle, Fryview, S57 3TA",+353871009366,Dr.,"Adams, Brown and Hopkins"
Dr. Natasha Byrne,"373 Ricky ridges, South Carly, N4 4DS",0839458792
Mrs. Jacqueline O'Brien,"Flat 81M, Mills causeway, West Alex, S1 9RN",+353877922363
Olivia Robinson,"Studio 50, Jones trace, Maureenfurt, EC4Y 0FZ",+353834065173
Arthur Blake,"3 Ali road, South Eileenport, CV64 8WF",+353852935859,Mrs.
Diana Roberts,"Flat 31, Scott knoll, Jakeview, B4 0YF",0876431087
Andrew Davies,"Studio 56d, Robin flat, Lake Elliotshire, N2 2LA",+353872959755
Lydia Webb,"Studio 76, Ward drive, New Samanthamouth, E93 9FQ",0831403400
Mr. Leslie Perry,"Flat 1, Perkins forks, Alexton, G9 9HN",0835469018,Mr.
Stuart Lucas,"2 Joel highway, Wrightshire, M1 4GE",+353855859226,Mr.,Graham-Watson
Molly Browne,"22 Robinson coves, Marshallville, B1 2YY",+353857936529
Charlene Johnson,"204 Kirby mill, Port Judithfurt, B25 8ZL",0833911535
Keith Hayward,"Flat 08, Sara causeway, Port Kellymouth, G7G 5ED",0833889821
Mr. Connor O'Neill,"94 Todd gardens, Port Maurice, L4 0QX",+353897204380
Jill Harding-Jones,"Flat 49, Brett greens, West Steven, NR5 5HU",0851038179
Mrs. Lynne Hussain,"6 Davies corners, East Stanleyton, SM7 6RS",+353857452801
Elliott Goodwin,"Flat 03, Olivia mountains, Wheelerside, EH5A 4RE",0896513321
Gavin Watts,"Flat 18e, Natalie plaza, Evansmouth, KA2N 5EE",+353852719905
Dylan McDonald-Barnett,"9 Martin track, South Davidhaven, EH24 4RX",0871832503,Mrs.
Harry Thomas-May,"Flat 72, Joel spur, New Kevin, S56 8HX",+353897763997
Dr. Diane Parker,"53 Josephine springs, South Andrewtown, B7 7YJ",+353858493934
Tina Marshall,"Studio 73, Horton drives, Bethanymouth, IM21 6GA",0879246533
Ms. Claire Todd,"17 Ward village, Deniseburgh, LS3 1NG",+353835265191,Ms.,"O'Donnell, Andrews and Jones"
Amber Begum,"Flat 1, Amanda junctions, Lake Diane, GY1A 4PH",+353873060980
Grace Sims,"80 Williams locks, East Angelaton, S0F 5XS",0872252552
Dr. Robert Brady,"Flat 74, Robin manor, Jeremyton, LD4 8XJ",+353879246461
Jack Chamberlain-Cole,"Flat 06q, Claire meadows, West Derekhaven, B25 9WH",+353855062265
Dr. Lee Mann,"21 Grace rapids, Frederickside, E8 6HZ",+353853018855,Dr.
William Jones,"19 Williamson islands, North Nathan, EX9 7TB",+353896832139
Leslie Owen,"Studio 91, Hayward vista, Barnettview, DL97 3UT",0834012402,Mr.
Zoe Evans,"301 Sanders crescent, Sheilaburgh, N8 4SZ",0854476498
Francesca Potts,"52 Bibi pines, Boothhaven, HX7P 1BL",0879686438,Dr.
Marion Jackson,"Studio 86o, Clarke overpass, Lake Hollieville, M59 5FS",0879294510,Miss
Mohammad Wilkinson,"Studio 5, Malcolm place, Paulabury, PE5E 4SB",0831573736
Ian Rogers,"40 Keith summit, Thorpeville, WR9 0AG",+353834145517,Dr.
Anthony Reynolds,"Flat 61H, Leon extension, New Paulfort, FK82 4PL",+353851074106,Mr.
Dr. Mark Read,"604 Owen via, Amyville, G90 1LF",+353851396818
Rosemary Davidson,"27 Julian ferry, Lake Carl, N80 7DL",0855472970
Geoffrey Pearce,"97 Katie street, Evanston, E53 4ES",+353833141127,Mr.,Hyde Group
Amelia Parker-Black,"Studio 7, Watts river, East Dawnmouth, FK03 7TN",0855451317
Duncan Hudson-Parker,"1 Cook corners, Collinsside, W83 2BW",+353899204873,Ms.
Mrs. Hannah Roberts,"33 Alan key, Amyside, M7 1EH",0854422087
Dr. Glenn Freeman,"86 Taylor island, East Mathewside, JE7 1PS",0878029617
Mr. Trevor Taylor,"Studio 1, Samuel causeway, Robinsonshire, EN70 4GE",0893349705
Mr. Stuart French,"Flat 23B, Danny valleys, Brianmouth, B63 6XH",+353877405524
Kenneth Price,"35 Catherine grove, Port Diane, BS3V 2NR",+353832986653,Ms.
Pauline James,"21 Abbie harbor, Wrightshire, S9 0SS",0898493969,Mr.,Hooper Group
Mr. Barry Dale,"999 Jones spurs, Hallton, BH5V 1LZ",0873562862,Mr.
Glenn Taylor,"Studio 0, Margaret neck, Port Bernard, WF0X 0SQ",0876915400,Dr.
Eileen Hussain,"Flat 2, Mitchell ridges, Carolbury, B63 8AQ",+353879172276
Bernard Jackson,"Studio 2, Singh mall, North Paulinebury, L4K 0GU",0873627258,Mr.
Gemma Rees,"696 Martin causeway, Smithbury, W9 8JF",+353854957946,Mr.
Miss Sian Jones,"27 Elliot radial, East Mary, S7A 6UW",0894546646
Sylvia Goodwin,"Studio 5, Leanne springs, Lake Amberville, G8B 8PG",+353896111841
Dr. Simon Martin,"253 Hunt harbor, Murphyfurt, EC35 0QS",+353899434994
Bethany Chapman,"Studio 04N, Shane expressway, West Maxland, S1 1LP",0855433169
Gillian Wright,"268 Webb well, Oliviaville, DT46 5RB",+353891066551,Mr.
Megan Humphreys,"Flat 13Q, Fletcher camp, West Gordonmouth, M51 4AR",+353854570017
Nigel Edwards,"6 Wells glen, North Matthew, HS1 2NF",0831673110,Dr.
Gail Young,"3 Roberts fields, Waltontown, DE0 0TE",0898205324,Mr.
Sheila Evans,"Flat 91, Davis expressway, East Diane, S16 5XE",0897568884,Dr.
Stacey Butler,"17 Barton isle, Kateland, N6 6QB",+353839509363
Eleanor Lambert,"Studio 23U, Andrew center, Port Timothybury, B3 2LG",+353855982983
Mr. Phillip Young,"37 Charlotte estates, Lindseyhaven, HS2 3HL",0879430916,Miss
Denise Graham,"Studio 04c, Matthews port, South Melissatown, SE6 8AW",+353892510860
Ms. Stephanie Owen,"92 Keith meadows, West Colin, E7W 2NE",0858941098,Dr.
Dale Jones,"Studio 84U, Connor crescent, South Kyleville, BL13 4PF",+353857372448
Miss Hayley Steele,"24 Warner parks, East Traceyland, CA7 5YJ",+353872937419
Christopher Davis,"2 Donna trafficway, Georgiabury, G2K 8QX",+353856191587,Mr.
Dominic Myers,"Studio 15, Stephanie ford, Begumborough, W3 8TA",+353894046891
Jay Morris-Pearson,"Flat 10, Burgess circle, West Barrychester, W31 6DA",+353856949661
Mrs. Hollie Lee,"Flat 4, Brandon hollow, Port Paulatown, AB3 8EF",+353839721189
Stuart Miller,"2 Austin loop, Elizabethhaven, M9 1NL",0878074567
Carl Rice,"85 Mistry ridges, O'Neilltown, E41 9UP",+353891326376,Dr.
Jeffrey Cunningham,"Studio 9, Gerard ports, Smithfort, N98 6GD",+353872624142
Mrs. Vanessa Price,"Flat 98, Miller spurs, West Joannemouth, TD0A 3YH",0893162907
Miss Rachael Lambert,"Studio 4, Benjamin common, Barryland, L3J 2RY",+353839213025,Mr.,"Johnson, Baxter and Warren",ZZ 48 74 29 T
Jack Peters,"782 Yvonne squares, West Michelle, W26 4LS",0891755314,Ms.,Phillips-Williamson,ZZ 590377 T
Nigel Wood,"7 Howell branch, Lake Abigailborough, B76 1XW",+353896693367
Jasmine Barber,"95 Burke plains, Port Guy, TS7H 9LF",0853254614,Dr.
Gerard Brown,"7 Fraser via, South Nathanchester, N73 0WH",+353838530788
Dawn Robinson-Williams,"Flat 6, Walker keys, East Lydiaborough, N2 0GH",0872352071
Mr. Lewis Green,"89 Smith knolls, Jeanton, M4F 6GN",0896412862
Caroline Harris,"Flat 49V, Declan key, Morganfurt, W6 1BG",0872018005
Tina Carter,"Flat 4, Singh highway, Jeanburgh, CT3B 2SU",+353857904778
Bethany Barber,"98 Jackson meadows, South Charliefort, S97 5YZ",0898486523
Danielle Hargreaves,"3 Charlene ridges, West Jeremy, CW25 3QL",0831214273,Mr.
Sheila Jenkins,"0 Garner junctions, Christianborough, RM4 2YL",+353858128040,Miss
Ms. Zoe Ashton,"9 Ruth spur, Port Jennastad, OL03 6GT",+353874920803,Mrs.
Dr. Max Robson,"911 Glenn terrace, New Kate, TN63 6PX",+353878336177
Dr. Bethan Kemp,"Studio 3, Peters station, East Jasonmouth, B88 3NH",+353836482553
Katherine Clarke-Pope,"Flat 5, Cooper summit, North Jasontown, LL58 5TD",+353894545832,Miss,"Marshall, Holland and Smith"
Dr. Jonathan Young,"411 Brown lodge, North Rossburgh, NN5 4FQ",+353895589653,Mr.
Fiona Johnson,"87 Francesca creek, Janiceshire, W20 9DQ",0874618782,Dr.
Jamie Wright,"871 Simon haven, New Mandy, G5 7QD",+353831589573
Dr. Dale McCarthy,"330 Norris locks, West Allanview, PR5 9YZ",0874190599,Mr.
Kathryn Morrison-Byrne,"Studio 55, Martyn pass, Marianside, WS9 8SD",0854202597,Mr.
Bryan Marshall-Murphy,"17 Bernard island, West Stephenhaven, L0 2SD",0875215331,Mr.
Dr. Patrick Nicholls,"Flat 3, Robert plaza, Harrisontown, L6S 0HX",0853986896
Mr. Ashley Osborne,"81 Steven shores, South Abbiefurt, DT6Y 7ZR",+353831606711,Miss,"Osborne, Alexander and Roberts"
Hilary Phillips,"Studio 9, Fiona path, North Dalebury, PE9 7YR",0834261244,Dr.,Heath-Nicholls
Scott Mistry,"812 Parker brook, Port Kevinton, S8B 5NN",0837928746
Ms. Abbie Thomas,"23 Pamela hollow, Victoriaberg, IV5X 3TG",+353874721206,Ms.
Roy Taylor,"65 Heather pine, South Susantown, S62 5SF",+353831799195,Miss
Dr. Tracy Burke,"Flat 12, Nicola locks, Singhbury, B80 9XT",+353896269736,Dr.
Carolyn Hughes,"Studio 4, Mohammed run, Kellystad, E3 7LA",+353877029671,Miss,"Moss, Bibi and John",ZZ 12 39 00 T
Miss Kelly Sanders,"6 Dennis fall, East Pamela, GL5 2JG",0837304328
Robin Hodgson-Ferguson,"66 Eileen light, Maxland, ST2X 1RH",+353891625527
Rebecca Lawson,"47 Sara port, East Marilyntown, S21 1QN",+353837968181,Dr.
Miss Mandy Hope,"Studio 27, Morris plaza, Simonchester, L5J 0DN",+353894157199
Richard Wade-Gill,"01 O'Donnell harbor, West Gerald, BB1 5PU",+353872144760,Mr.,"Mitchell, Booth and Gordon",ZZ 145455 T
Ashleigh Wilson,"882 Murphy greens, Ashleighberg, B0 2RW",0836633660,Mrs.,Jones Group,ZZ267210T
Eleanor Woods,"Flat 59p, Julie plains, Nicolabury, SL3 2WT",0898889550
James Griffin,"Flat 14, Edwards points, Johnsonbury, W26 7AG",0899250410
Dr. Vincent Naylor,"Studio 22, Butcher circle, West Carolinestad, WN0X 2PG",0876207878
Dean Goodwin,"Studio 0, Lydia circles, Douglasfurt, IM9 0SP",+353856167040
Gareth Dickinson,"4 Anne ridge, West Michelleshire, CR3 0FN",0836680866
Mrs. Grace Jenkins,"6 Arnold groves, Stewartfurt, B6 3NN",+353835395175
Bernard Robertson,"Flat 5, Watson forks, Wardside, S4 4GH",0858820224,Dr.
Marion McCarthy,"Studio 6, Russell squares, Lesleyview, G14 6TE",+353853732101
Dr. Claire Coles,"Studio 29Q, Leon rapids, Zoetown, PA3E 0ZN",+353858148151
Mr. Neil Khan,"1 Valerie mill, East Marionhaven, SK1A 2FW",0837631944
Mr. Philip Harrison,"984 Frank burgs, New Ruth, OX9 4LH",+353871754642
Elliott Hurst,"122 Pratt path, Beverleytown, S2U 9AY",0892918207
Dylan Wright,"Flat 1, Robinson alley, Morleyshire, G93 1LW",0853477579,Miss,Carter-Williamson,ZZ592880T
Annette Cook,"Flat 71, Bryan drive, Lawrenceland, NG9 0JU",0878669773
Joe Clarke,"Flat 5, Geraldine stream, New Kathryn, EN96 7QR",0891982408
Dr. Nicholas Robinson,"7 Wilson crest, Francismouth, S58 0BJ",0833855777,Dr.
Mr. Kieran Smith,"Flat 83, Sylvia trace, South Danielle, M1 4LB",0831917186,Mrs.,Metcalfe and Sons
Russell Begum,"91 Harris extensions, East Henry, DG3X 3NX",0896538958
Gerald Robson,"Flat 15, Brown fields, South Annaborough, S6 4NU",+353831385453
Mrs. Beth Burrows,"727 Townsend pike, Garytown, G5 7SJ",+353896050301,Mr.,Johnston and Sons,ZZ 689794 T
Elliott Marshall,"Studio 00, Georgia lock, East Amberchester, YO25 1AZ",0859722018
William Taylor,"Flat 55, Emma ports, Collinsfort, HP3P 6UL",+353851427694
Peter Howard,"556 Malcolm stravenue, Tracyton, M5S 8DF",0833951834
Ms. Katherine Robertson,"113 Emily shoals, Port Charlie, S60 3EF",+353896665357
Miss Rebecca Hughes,"Studio 9, Leanne hills, East Mohammedville, NP4 8TL",0835983831,Dr.
Yvonne Martin,"175 Roger fords, Philliptown, YO66 8HP",0856951687
Hazel Powell,"Flat 05c, Maria cove, Thomasport, W99 4DJ",+353873984325
Donna Griffiths,"9 Daly courts, East Bruce, W8E 6XY",0835952982
Damian Hughes,"Studio 92y, Dale streets, Jemmatown, GY69 9ZW",0854459997
Louis Pollard-Palmer,"167 Baxter forges, Warnerview, LE41 1EP",+353852912122,Dr.,"Ryan, Smith and Barnett",ZZ 89 02 71 T
Iain Fox,"Flat 64b, Holland drive, East Kathryn, L8 9NP",0859977189
Ben Farmer-O'Donnell,"596 Geoffrey garden, West Lorraine, L61 1SN",0874089752
Barry Jones-Sharp,"138 Marilyn harbor, West Diana, M05 9BQ",0837927810,Dr.
Leah Collins,"Flat 40V, Bull turnpike, Barryside, S4U 6GH",0854916140
Dale Ahmed-Sutton,"Studio 2, Austin inlet, Sarahmouth, M1 5LH",0851809309,Miss
Frank Hicks,"8 Jarvis coves, Wilsonton, M0A 4NP",0872799427,Ms.
Laura Rees,"13 Whittaker brooks, Royton, W89 2UD",+353895698398
Mr. Marc Jones,"Flat 02, Bryan station, Cliveside, DE04 9ZS",+353859466761
Mr. Brandon Hopkins,"72 Jenna circles, Port Yvonne, EN5E 1GP",0898119601,Mr.
Miss Lynda Burke,"5 Emily burgs, New Matthew, TQ6R 7BB",0833707281,Miss,Chan Inc
Mr. Dennis Thorpe,"358 Harris extension, Ronaldtown, B7 6SJ",0834033115
Ian Williams,"Studio 74, Brown via, Ballville, G2 7DA",+353839545228,Mrs.,Palmer-Sullivan,ZZ 54 54 35 T
Dominic Buckley,"3 Kevin run, East Carolinetown, G6J 3XD",0895770248,Dr.
Jonathan Bowen,"Flat 65z, Dennis crest, Port Grahamtown, RG68 1DZ",0895090272,Dr.
Liam Walton,"572 Mitchell bridge, Wrightmouth, W0E 5ZS",0873928927
Ms. Debra Ashton,"Flat 1, Chelsea pine, Valerieland, L5S 1RJ",0876368706
Jean James-Davies,"Studio 50l, Yates glen, Simonmouth, CA25 5JA",0891237758,Dr.
Ashley Steele,"9 James villages, Leannefort, BT18 8JH",0876453394,Mr.
Ross Giles,"6 Cooper crest, Lake Henryton, HP26 0FR",0892677118
Leah Godfrey,"Flat 3, Ellie corners, East Vanessamouth, SA5 4FS",0896968972,Miss,Cooper and Sons,ZZ 477720 T
Mohamed Cooper,"20 Hayley cliffs, South Melissa, B5K 6BY",+353852455663,Miss
Michael Evans,"50 Joanna place, Chelseaton, B54 1ZU",0834131955
Jack Marshall-Dixon,"884 Higgins track, Port Christianburgh, B2 4FW",0893515356
Kevin Rose,"064 O'Neill valleys, Joyceburgh, W4 4EH",+353854307650,Mr.
Bethan Campbell,"7 Leon trafficway, New Hilarybury, M0B 9UH",0891694456,Mr.
Billy Bailey,"Studio 62Q, Williams shoals, Alexandraberg, E91 0BL",0873598565,Dr.
Helen Hancock,"86 Damien spur, South Amandafort, S9S 3QQ",0877052929,Mr.,Lewis-Khan
Gary Ryan,"40 Hayley isle, North Mohammad, L34 0SF",0833338290
Mrs. Lynda Ali,"866 Gregory valleys, South Lisafurt, E5 5WB",0836058837,Mr.,Gregory-Long
Tracey Carpenter,"Flat 9, Ward lakes, Barrettland, LA0 4TJ",+353896067730
Kyle Cook,"24 Clifford pine, Hugheschester, CT49 5WW",0879130636
Nigel Simpson,"Studio 0, Henry view, Port Gavinborough, LA03 3AR",+353831550050
Andrew Dale,"986 Buckley square, Stevenstown, B0T 7NR",0836550727
Beth Vaughan,"3 Malcolm way, New Heather, B88 0NB",0831442191,Dr.,Williams-Davies
Frances Russell,"Studio 73, Hill turnpike, South Jasonstad, L1 4PB",0858308097
Dr. Jeffrey Taylor,"241 Gareth islands, Gailland, GY1 6BU",0835458557,Dr.
Mr. Clifford Chan,"606 Wright avenue, Patriciaberg, B4W 5SX",0857477548
Rhys Hicks,"Studio 33d, Shane light, West Ann, L21 7SX",+353899565953
Gordon Jones,"Studio 46O, Bradley key, New Georgiamouth, EN4 4FY",0893686515,Ms.
Mr. Billy Clarke,"Flat 85i, Howells lake, Charlottetown, CB8W 6LZ",+353856933743
Alice Bell,"4 Watson trail, New Fionastad, LU65 8QF",+353897935325
Mr. Geoffrey Clarke,"9 Raymond center, New Francis, M75 6DR",+353899744806
Clive Taylor,"029 Natalie ford, South Linda, SM7N 0DD",0835876488
Dr. Gerald Morris,"31 Josephine road, South Mohammed, S4W 2SH",0836194798,Dr.
Dr. Alice Hooper,"Flat 76A, Charlene villages, Kathleenmouth, CB7E 0QW",+353838818938,Dr.
Brett Burrows,"Studio 02b, Murray trail, Saundershaven, WC51 5XU",0894724800,Miss
Miss Jayne Webb,"Flat 66L, Austin alley, Hudsonborough, N68 4JF",+353835336405,Dr.
Christine Henderson,"76 Owen center, West Stanleyton, E06 6QQ",0832728776
Dr. Brenda Ward,"Flat 0, Tony crescent, New Frederick, M1 0QQ",0876672747,Dr.,Potts-Jones
Harriet Marshall,"18 Ahmed wells, Christineborough, M7S 3LT",+353878287558
Dr. Ellie Roberts,"Studio 2, Leon station, North Carolyn, LE5 9HL",+353891076497
Miss Alexandra Nicholson,"Flat 5, Carole circles, Lake Jack, S3 0AB",+353835250974
Mrs. Lynne Franklin,"Studio 66a, Alexandra forest, Billyville, W1T 7UE",+353831450883,Dr.
Mrs. Louise Hall,"904 King station, Ryanberg, BD1P 2PN",0857121101,Ms.
Jade Jenkins,"3 Ricky loaf, North Jonathanbury, KT8 5AD",+353854592753,Mrs.
Miss Eileen Young,"4 Williams roads, Iqbalside, W0E 3GN",+353852911445
Elizabeth Lee,"8 Donna avenue, New Mohamed, SK26 0XB",+353836588001
Ms. Beth Lambert,"86 May drive, East Garryborough, HP0R 7BW",+353876456413,Mr.,McCarthy-O'Neill,ZZ383137T
Mr. Duncan Hart,"Studio 00, Leonard rapids, West Joel, PA55 3AJ",0872944310
Joel King-Harris,"47 Green well, Declantown, E46 9XY",0852127043
Miss Alice Whitehouse,"Studio 48t, Pickering knolls, Howefurt, HP2 2HQ",+353852725791
Dr. Hugh Page,"Flat 86g, Gregory court, Lake Kim, B7D 6GG",0852803420
Francis Webb-Hughes,"Flat 68, Joshua cliffs, Lake Dianabury, LD7 6EX",0853111037
Dr. Glen Ferguson,"Studio 2, Howell oval, North Sallyland, SW6 5FS",0838446768
Raymond Abbott,"50 Ellie bypass, New Melissa, M5 6AN",0852409032,Dr.
Kayleigh White,"796 Davies burgs, Lake Rosie, L9C 2QU",+353874756195
Hannah Graham-Young,"068 Campbell falls, Lake Lauren, L4K 9ZZ",+353873609839,Miss
Lynne Read-Allen,"Flat 71, Samantha run, North Juliaview, LA1V 3RZ",+353877893643,Mrs.
June Dunn,"Studio 7, Byrne heights, Samanthaside, W3K 8EA",0872265702,Dr.
Paige Lamb-Turner,"243 Preston green, Valerieburgh, TS2 6QR",0892747600
Eileen Williams,"19 Molly village, New Kathleenshire, PH50 3ZQ",0871839541
Julian Lucas,"0 Susan mountain, Daletown, PL34 7SU",0871190639,Dr.
Dr. Holly Davies,"Flat 8, Benson view, Hollieport, B74 4EP",0832283754
Martin Singh,"Studio 01V, Marie locks, Port Alexport, W9J 7XR",0871048224,Dr.,Bond-Robinson,ZZ056167T
Mr. Jason Edwards,"Flat 90v, Hall avenue, Jenniferport, L52 7GL",0899294842,Ms.,Griffin-Russell
Malcolm Stevens-Sanders,"322 Eleanor spring, Lake Lydia, W0C 1ZR",+353897846802,Miss
Janice Taylor,"Studio 3, Wilson court, West Helenbury, S6T 4GQ",0839752760
Alison Ford,"Studio 74g, Clifford drive, Dennisbury, L6 5JF",+353832363707
Chloe Begum-Rose,"808 Morris plain, Colinfurt, SP1Y 2DS",0838002267,Mr.,Austin-Winter
Dr. Benjamin Grant,"Studio 2, Martin drives, South Benborough, GU4N 9DX",0855394661,Mr.
Stewart Allen,"Flat 62v, Kieran inlet, Lisastad, G8 7ZY",+353898193256,Mr.
Ronald Barnes,"Flat 94, Katy fords, West Royport, G6B 3BA",+353891178960
Mr. Adam Taylor,"4 Liam passage, Lake Jamie, W4D 4RP",0878927235,Ms.,"Osborne, Woods and Baxter",ZZ 328790 T
Dr. Graeme Taylor,"89 Kyle freeway, Jacksonside, SN71 3RW",+353897674886
Geoffrey Foster-Bull,"063 Phillips run, Harrisonmouth, E29 2QY",0879373099,Mr.,Miles Inc
Simon Douglas-Slater,"Flat 25x, Sophie trail, East Caroline, BL73 1ZT",0833999518
Mark Davies,"5 Humphreys drives, North June, L2B 1SG",+353893384742,Mr.
Louis Cox,"67 Davies knoll, East Carlyborough, S1B 4LJ",+353893833800
Kathleen Davey,"Flat 6, King parkway, Alanstad, E9 8JD",0895350836
Charlie Simmons-Kay,"Studio 1, Allen radial, Terencehaven, M1 6FH",0853608112,Dr.
Nigel Adams,"44 Kerry oval, North Donald, W99 3SS",+353854051608
Miss Amy Brennan,"0 Gerald greens, West Denishaven, G4C 9NW",+353856214696
Jemma Clarke,"Flat 25, Ford garden, Kingbury, W8A 8HL",0851133783
Antony Dean,"674 Hill fields, Dunnton, N5A 0DN",+353853567405
Mrs. Sylvia Pickering,"Studio 15, Daniels ramp, Freemanchester, L74 2TX",0838252707
Lee Thompson,"1 Harper light, West Mohammadbury, GL23 0XY",+353855971473
Aaron Campbell,"742 Danielle mountains, Oliverburgh, W7H 8NA",+353834369198
George Shaw-Davies,"Flat 48r, Benjamin crossing, Daviesview, SO9E 8JL",+353854360880,Ms.,Ashton Ltd
Victor Smith,"Studio 97, Davies lock, East Carolport, B0W 9GG",0834416961
Elaine Foster-Field,"24 Hugh drives, Yvonneberg, N1 7GX",+353856124992
Kelly Walters,"Flat 22n, Oliver forest, North Francescatown, NE01 7ZF",+353897528099
Jayne Duncan,"Flat 2, Fraser landing, Judithshire, PO7A 6QD",0837948937
Sian Jones,"538 Fiona crest, East Laura, M5F 4LD",+353899852705
Joe Shaw,"Flat 82, Emma mills, Richardsville, E13 7XF",+353871651158,Dr.,Green Ltd
Ms. Amber Manning,"8 Jade square, West Rosie, W39 4RL",+353895707772
Debra Ross,"3 Brown cliffs, Watsonshire, TA8 2SN",+353871013091
Scott Taylor,"Studio 8, Duncan cape, Malcolmchester, M5 5QS",0831783015
Kyle Robertson,"424 Barlow villages, Jakeborough, WC3M 3TL",0853602849,Dr.,"Doyle, Fox and Willis"
Dr. Frederick Johnson,"408 Cook shoals, East Sharon, JE9V 4EA",+353897975100,Miss
Dr. Shannon Walsh,"Studio 41, Harding gardens, Cartershire, LE5Y 0NB",+353874597509,Mr.
Lydia Jackson,"5 Cameron club, South Alan, NP8B 6FE",0835196257,Dr.,Scott-Thomas,ZZ594104T
Lawrence Hill,"847 Glenn rapids, Richardsland, W5H 2TJ",0858636391
Dr. Patrick Hunter,"389 Williams circle, North Shirleyfurt, TA4P 4NG",+353855243870
Ms. Hilary Collier,"98 Aimee wall, Derekport, L0 4YG",+353836881691
William Bennett-Francis,"Flat 82, Jones squares, Geraldberg, DG1Y 6PP",0898752194,Ms.,Hunt Group
John Gardner,"7 Smith passage, Cameronport, SW91 6DN",+353858907086
Dr. Victor Matthews,"Studio 5, Mitchell pines, Stephensonville, DA3 0NH",+353859372648,Miss
Marian Morris,"Studio 95y, Gemma place, Kellymouth, G7S 2WG",0833652399,Mr.
Matthew Rowe,"9 Grant burgs, North Claire, E1J 1HH",+353838794880,Mr.,Kelly Ltd
Claire Parker-Waters,"68 Tracey field, Huntview, G3S 7EW",0878500985
Jason Booth,"Flat 4, George ferry, East Teresabury, W2 7FR",+353896170620
Anthony Rowley,"34 Jasmine plains, North Heatherfurt, S37 7FZ",+353877026419
Mr. Justin Price,"Studio 30, Scott plains, New Frank, M9 4PS",+353896872348,Dr.
Charlie Tomlinson,"1 Carol brook, New Phillipshire, S8K 9GZ",0878082777,Dr.
Dylan Walters,"Flat 40T, Holt track, Hendersonmouth, W3 8XR",+353893367812
Maurice Stephenson,"83 Robert mews, North Georgia, AB58 9WN",0855767410
Conor Walker,"Flat 24, Scott springs, Annaport, B43 5XH",+353872598117,Dr.,Carey Inc
Dr. Colin Bradley,"Studio 20, Louise crossroad, Patelburgh, CH1X 5FA",0836802394
Naomi Grant,"52 Holland mall, South Mohammadtown, WC4 2WW",0834006248,Miss
Ms. Rachael Winter,"56 Parkes prairie, East Jacob, FK1A 2BR",+353859113039
Alan Sheppard,"Studio 2, Mandy field, Carterview, RM1B 7TS",0857641284
Sian Cox,"Studio 05f, Charlie square, Lake Timothy, E0E 6QS",+353875442326,Mr.
Dr. Louis McKenzie,"Flat 2, Wright expressway, New Suzannefurt, EN6 1GW",0899031739,Mrs.,"King, Knight and Burns",ZZ914803T
Sheila Jones,"31 Max canyon, West Hazel, B27 8HZ",0899271025
Dr. Bradley Myers,"792 Teresa burgs, Samuelmouth, LS3 4AE",0875472938
Dr. Josephine Shepherd,"Flat 2, Mark roads, Laurachester, S2 2DQ",0839352376
Mrs. Fiona Greenwood,"8 Peter shoals, East Josephine, ML6 7QQ",0895342491
Mr. Jay May,"Flat 73, Gill lane, Port Kieran, CR3Y 8WJ",+353851485772
Keith Johnson-Jones,"06 Cox springs, Morganborough, BA8A 8AP",0838606970
Darren Dixon,"03 Curtis plain, Normantown, S2 3TN",0852283721
Clive Hart,"Flat 64, King lock, South Ryanfort, S8F 7TS",+353893534532,Dr.,Cunningham PLC
Tony Cole,"90 Anderson village, Lake Leahside, HG3 6WL",0878092504,Ms.,Robertson-Bird
Lynne Norton-Burns,"Flat 40l, Hart land, South Janetberg, BR0A 5NN",0837365227
Luke Morris-Clark,"Studio 35g, Craig center, North Maxborough, SE9H 0XE",+353856675925,Dr.,Arnold-Abbott
Elliott Brady-Collins,"74 Alex roads, McKenziemouth, W4W 6WE",0852038356
Miss Kate Taylor,"417 Charlie squares, Barryland, B7 1HA",+353871785420
Gordon Clarke,"2 Maria club, West Reece, B8 4TN",0833013237,Miss,Begum PLC
Naomi Sinclair,"3 Robinson key, Hopkinsmouth, HU6R 7RD",0891957974,Mr.
Trevor Smith,"2 Dixon flats, Lake Mauricemouth, ME3 5GP",+353832247516
Mrs. Caroline Day,"Studio 49, Thompson mountain, East Kathryn, L9T 9TU",0897833678,Dr.
Julian Lloyd-Thomas,"Studio 0, Francis station, Leehaven, N48 7AY",0836990178
Tina James,"90 Richardson common, Bensonview, SK96 3BA",0876759253
Christine Thomson,"Studio 3, Knight common, Crossview, M4H 5JJ",+353895520247
Eileen Evans,"314 Jones creek, North Stanley, M4 7ER",+353896618369
Kelly Williams,"Studio 37, Kelly via, Alisonton, DG12 4BZ",0837420451,Dr.
James O'Neill-Wells,"4 Zoe manor, New Holly, DY6 6WX",0859772730
Tom Brown,"Studio 83, Tomlinson cliffs, Elliottown, B9 3JR",+353856751225
Sheila Woodward-Cross,"Studio 16, Peacock corners, Barrymouth, B7D 0QT",+353892580713,Mrs.
Mr. Jake Morley,"1 Hunt crest, Port Jenna, L7 2FZ",+353856961070
Michael Gray,"Flat 43, Samuel corner, Holliechester, E3 9GF",+353894474195,Miss,"Edwards, Bradley and Smith",ZZ 51 26 07 T
Ms. Diane Humphries,"656 Murray hills, South Dianaburgh, LD9X 7ZZ",0833544397
Dr. Daniel Lane,"466 Bennett fork, Kaurmouth, ML0P 0RG",0893962081
Gary Carter,"Flat 78, Jacob run, Katemouth, DA16 8SP",+353835950631
Alison Gilbert,"0 Butler hills, Jonathanhaven, CB4E 5JF",0875810868
Paige Sullivan,"Studio 47y, Jones estate, Cartwrightstad, G7E 3HT",+353878284426,Dr.
Keith Smith,"69 Kent summit, Port Sharonberg, W4 3NJ",0893606059,Mr.
Nicholas Lewis,"Studio 86, Jean circle, Brendaview, N8C 1SX",0875207644
Dr. Aaron Allan,"3 June plains, East Marion, KA2 0FP",0838379930,Ms.
Mohammad Jones,"60 Sarah land, Lake Ruthside, EH4 6LY",0878879216,Mr.
Ian Day,"14 Simon squares, Lake Tobyville, E46 6BB",0871401208,Ms.,Cook PLC
Dorothy Allen,"Studio 8, Cheryl trafficway, Cartwrightside, W8A 0GJ",+353892673262
Dale Allen,"Flat 94d, Nathan trace, South Declan, GL45 9RL",0831234861
Dr. Colin Davies,"72 Brown locks, Lake Anthony, LN2 9WP",0838163110
Jordan Mason,"Studio 11X, Adams fall, Lake Arthurborough, W53 4ZU",0851852906,Mr.
Miss Janice Stokes,"1 Carly isle, Lake Henry, PA0 1QP",+353873415804
Georgia Jones,"86 Allan motorway, Scottport, M1C 4XZ",0837243413,Miss
Dr. Christine Thomas,"Flat 8, Hill greens, Crossberg, W6 7JD",0855625448
Mr. Ronald Allen,"Studio 7, Pamela trafficway, Anthonychester, N5 6BF",0878314247
Susan Reeves,"Studio 0, Mary bridge, Deanmouth, B93 2GP",0839353303,Dr.,Lewis-Ross
Rosie Leach,"Studio 5, Chapman rapids, Port Duncan, PO49 1LQ",0875666074
Carol Taylor,"Flat 66t, Jones land, Stewartborough, WF2 3LN",+353859396324
Mrs. Sheila Phillips,"6 George drive, Reecechester, G8 4NW",0891446361
Karl Dawson,"Flat 0, Hooper dam, Duncanshire, M2K 8FE",+353873235530,Ms.,Sutton Inc
Josephine Green-Mills,"Studio 03, Morrison hollow, Elliotberg, E73 7HS",0831396349
Scott Anderson,"3 Harrison brooks, Port Kenneth, SR1E 1SP",+353838963707
Peter Read,"7 Rachel hills, Jordanport, G2B 4QY",0857749209,Dr.
Natalie Wood,"Flat 7, Richards groves, South Elaine, SP9M 7AZ",0853194754,Ms.
Dr. Ian Parker,"781 Gardner shoals, Lake Karenview, B8H 2RT",0859444590
Christine Spencer,"3 Carter trail, Wrightview, PR7 8YR",0836593888
Mr. Scott Doyle,"Studio 88, Riley station, Wilkinsonmouth, HA2B 5RH",0872374790
Dr. Joanne Jones,"729 Bond ford, Websterstad, WR63 8QH",+353832117120
Dr. Jason Burns,"Flat 54, Williams throughway, Lake Jasmine, L2 6JX",0874117413
Dr. Ben Page,"Flat 41, Robson drive, Lyndabury, L55 2FE",0854359632,Dr.,"Smith, Hunt and Jones"
Stanley Evans,"88 Amelia lock, South Kirsty, M1W 0NH",0837123683,Mr.
Lawrence Matthews,"Studio 13, Thomas turnpike, Walkerberg, WS0 1UD",0854094876,Dr.,Nicholls PLC,ZZ 872951 T
Mr. Harry Osborne,"455 Kate ville, South Katiebury, CM5 2SP",0895490669
Leanne Wood,"Flat 5, Barry burg, West Katherine, M9T 5GE",+353858824196
Mr. Guy Buckley,"83 Gordon trace, Connorfurt, L20 2ZX",0859856679
Rachael Evans,"Studio 4, Stephens shore, East Richardfurt, DD3B 7AR",0898990541
Andrew Harrison,"66 Burton station, West Nathanchester, N10 3AS",+353855491368
Anne Daniels,"657 Graeme motorway, South Liamview, G52 8DH",+353859589381,Mr.
Aaron Phillips,"Studio 94, Lee pike, Brownchester, E1T 7XE",0854795803
Mr. Matthew Sanders,"Studio 08L, Leslie village, West Gregoryberg, GL8B 8NS",0893931240
Brenda Smith-Williams,"Flat 59L, Mitchell port, Mauricechester, SP1P 2EZ",+353832440997
Melanie Patel,"38 Mohammad passage, Shawhaven, B2A 3XP",+353851434606,Dr.
James Robinson,"9 Brian highway, Allanfort, E01 0BQ",+353879199915
Dennis Davies,"28 Albert mill, West Victoriaborough, SP4H 1RX",0859731597,Dr.
Brian Johnson,"1 Newton ports, Elliottville, SY70 1DH",+353833555495,Mrs.
Louise Davies,"Flat 1, Cox expressway, Williamsfort, CF3R 2SR",0852161064
Sara Patel,"Studio 7, Catherine place, Port Kellyfurt, L09 4EW",0832362410
Jennifer Heath-Sullivan,"2 Dixon light, Stewarttown, PL83 4TT",+353893975870
Mrs. Barbara Long,"Flat 0, Hartley parkway, East Jacqueline, IM4 2NJ",+353858645415,Ms.
Gerard Dunn,"Studio 20, Jack burg, Williamsburgh, IG48 5LH",+353895750588
Gregory Roberts,"6 Adrian walks, East Mohammadton, G8 6AD",0859432932,Dr.
Guy Marsden,"424 Gillian trafficway, North Alan, WA95 1FL",+353875403256,Dr.
Carol Briggs,"6 Jonathan canyon, South Tina, N96 0UY",+353837995941,Dr.
Debra Allen,"Studio 52q, Cameron bridge, East Katemouth, JE1 0DY",0831582065
Mrs. Jayne Holden,"Flat 5, Nicola cape, South Gavinhaven, NW38 4ZN",0872130805,Ms.
Bruce Payne,"Flat 1, Danny estates, Douglaston, G6T 9EU",+353899090176,Ms.
Leanne Dixon,"6 Denis mountain, Dixonburgh, BN5H 1DF",+353895586367
Kelly Booth,"88 Alison stream, New Simon, G7W 2ZA",0892629688
Miss Jessica Jones,"4 Barry junction, Port Beverley, JE6 1PQ",0834091110
Phillip Johnson,"Flat 89, Caroline vista, Millerchester, M6 2HR",+353837887468,Miss,Walton-Carr
Jacqueline O'Brien,"Flat 9, Clark locks, Lesleyville, HA9X 2FG",0878454455
Mrs. Angela Johnson,"4 Kyle village, North Gracehaven, L3K 8TS",+353872802342
Francesca Stephens,"72 Price isle, North Martyn, G5 6TW",+353898170471
Mr. Norman Fletcher,"Studio 5, Hopkins fork, Andreaport, SO5 1LJ",0876651784
Jill Davis,"01 Kelly ports, Thomasview, M1 9BH",0852923859
Shane Kelly,"Studio 6, Hawkins trail, South Dorothychester, HA2M 6BW",+353833547159
Dr. Gary Sullivan,"079 Roberts court, North Mandy, WC6X 1DT",+353854999497
Hilary Reed,"247 Rose inlet, Kieranberg, BH7 6QJ",+353873044156,Dr.,Lees and Sons
Dawn Smith,"Studio 23, Matthews loaf, East Jamie, CW8Y 7SZ",0853548732
Jill Hussain-Baxter,"Flat 71W, Gregory forks, West Naomi, L43 0UW",+353831859163
Ricky Brady-Chamberlain,"Studio 2, Kate plaza, North Melaniechester, G68 2NF",+353897873585
Mrs. Pauline Tomlinson,"Flat 1, Andrews knoll, New Francis, SN3 9NE",+353853740886
Pamela Chapman,"Flat 83S, Baker heights, Hussainport, B14 1QB",+353831630161
Roger Cooper,"0 Steven station, East Charlesfort, W08 8TG",+353834278385,Mr.
Mr. Jay Wright,"Flat 6, Kathryn rapids, North Bradley, CB19 2FX",+353832942065
Gregory Naylor,"Flat 64, Powell brooks, West Kathrynfurt, N7F 5UH",0896889642
Karen Mills,"0 Gordon harbor, Lake Julie, RG5 1LP",0893171242,Dr.
Shaun Cooke,"082 Wood cape, Lesliemouth, M6 5BS",+353852622485,Mr.,"Hussain, Burns and Bell"
Miss Rachael Barnes,"Flat 59, Ford shore, Alexanderton, L6 3NX",0874945862
Marian White,"Flat 39F, Clark corner, New Mohammadburgh, NG6 3XP",0876722795,Mr.
Hollie Joyce,"Studio 33, Gibbons points, Vincentfurt, TW9M 4TU",0838102882
Sarah Kirk,"Flat 7, Rose drives, Tylerbury, NW97 6EY",+353872203587,Dr.
Grace Williams-Price,"7 Irene trail, Lake Ashley, M56 1GS",0871928426
Clive Howarth,"Flat 07M, Gibbons orchard, Mathewville, KW05 2RJ",0876354588,Dr.,Mitchell-Williams
John Patel,"82 Harvey ways, Grahamton, LU9H 4AP",+353858114472
Keith Ali,"601 Robert coves, North Lawrence, SG1 5FA",0851753099,Dr.
Ricky Smith,"Studio 96, Harper street, Barnesburgh, E7 5TB",+353874721227
Beverley Morris,"0 Savage ramp, Port Joeshire, PH8R 4ST",0854076096
Denis Smith-Moore,"2 Leon rue, New Iain, DL1 1UF",0859229774,Miss
Dr. Gerard Gregory,"Flat 10, Vaughan groves, East Josephfort, LE40 4QH",0855908528,Miss
Carolyn Barnett,"330 Teresa motorway, Rickyville, NR0N 2QP",+353853990077,Ms.
Mrs. Rosemary Blackburn,"26 Kenneth rest, Port Aaronfort, SY94 0PZ",0832716545
Kerry Evans,"Studio 15, Austin glens, Kieranfort, EN8 8QE",+353891990337,Miss,"Lambert, Singh and Higgins"
Mathew Smith-Mills,"Studio 93, Ashton shoals, North Jemma, CH4 4GH",+353855474289
Douglas Smith,"Studio 19T, Hill flats, Lynnville, L4H 3ZH",+353899940700
Kirsty Mahmood,"0 Hannah row, West Brendatown, PL8 6ZA",0858601177,Dr.
Irene Todd,"365 Wood trace, Sylviabury, W2A 5EB",0897889791,Ms.
Dr. Conor Walters,"Flat 8, Lauren parkways, West Graemestad, M4F 2RE",0837992143,Dr.,Kelly Ltd
Abdul Wall,"Flat 2, Donna greens, Denistown, BR5 0SY",0851722187
Maureen Sanderson,"Studio 37j, Ellie knolls, Stephensland, M8 9QP",+353852071379,Dr.
Katy Jones,"44 Moore field, Campbellmouth, L4F 2NW",0836574320,Mrs.
Mr. Jason Turner,"283 Scott lodge, Daviesbury, BH3V 9ZE",+353871616030,Dr.
Kirsty Davidson,"Flat 7, Phillip knolls, New Joycechester, TF9X 4LA",+353874284758
Mr. Oliver Wood,"Flat 25s, Dorothy corner, Port Kimberley, B1G 8LL",0891277468,Miss
Mr. Roy Phillips,"2 Oliver greens, Port Georgia, SW9 3UB",+353893972671
Dr. Shane John,"Studio 1, Stewart ways, Port Juliefort, N5 0XR",0871872244,Mrs.
Brian Byrne,"230 Christine roads, Ianfurt, TA00 2TG",+353871633904,Dr.
Ms. Amanda Williams,"2 Mitchell rapids, South Danny, CM14 1GG",+353859331081
Ronald Allen,"6 Smith key, West Stanley, N3 1GE",+353835459707
Daniel Parker,"Flat 4, Price fall, Rosestad, S69 0JP",+353833648494,Dr.,Martin-Connolly
